,user_name,user_location,user_description,user_verified,date,text,hashtags,source
0,Yahoo Entertainment,New York and LA,Be in the know and in the now with pop culture and celeb stories you can't live without.,True,2022-06-30 08:08:39+00:00,Amanda de Cadenet talks about her life-saving abortion after suffering an incomplete miscarriage https://t.co/YO7Z3DqwpS https://t.co/CI0WDHIgEe,,SocialFlow
1,Rockford,"Milwaukee, WI",,False,2022-06-30 07:50:54+00:00,"@YahooEnt: Want to live like Dolly Parton? Stay overnight on her tour bus, complete with a wig cabinet https://t.co/8Nff7MclRL https://tâ€¦",,Twitter for iPad
2,Tatyana Rodriguez,,18 || FL ğŸŒ´,False,2022-06-30 07:47:00+00:00,@YahooEnt: Elizabeth Olsen confirms she and Robbie Arnett 'eloped' and 'had a wedding at another time' https://t.co/3EWoBZP3Mj https://tâ€¦,,Twitter for iPhone
3,Yahoo Entertainment,New York and LA,Be in the know and in the now with pop culture and celeb stories you can't live without.,True,2022-06-30 07:46:24+00:00,Ali Wong is surprised by her teenage self in Prime Video's Paper Girls teaser https://t.co/UOpZyyJFi5 https://t.co/Kqd9ZEkYqP,,SocialFlow
4,Matthew Duggan,,History Friend. Mark. PokÃ©mon Master. Yoga Teacher (200 hour RYT). He/Him.,False,2022-06-30 07:37:42+00:00,Blah blah blah. Lemme stay on the Rock of Love bus. https://t.co/3sPxj1v4xh,,Twitter for iPhone
5,Mary,,"Love soaps,rock and roll,country! Oh yeah,and boy bands. Judge me!!!Tattooed,bearded, Southern men are a fetish too.",False,2022-06-30 07:30:29+00:00,Now I must have a wig cabinet!!! https://t.co/VwFGob9505,,Twitter for Android
6,N.Con,Getting Closer,"18, Berklee â€˜26 - Singer Songwriter, Developing a Fantasy Series, Star Wars, Marvel, Lord of The Rings, Harry Potter

Love Thy Neighbor",False,2022-06-30 07:29:11+00:00,I'm gonna have a talk with him. Just a talk I swear https://t.co/h3olT6whzn,,Twitter Web App
7,Morganâ·,,"Female, OT7 BTSğŸ’œ, 97-liner",False,2022-06-30 07:25:24+00:00,@YahooEnt It looks tacky enough that I actually wouldn't even be comfortable sleeping there.,,Twitter for Android
8,ğ•ğ•’ğ•Ÿğ•  â„ï¸,Philippians 4:13 ğŸ’«,â€œğ™”ğ™¤ğ™ª ğ™–ğ™¨ğ™ ğ™šğ™™ ğ™›ğ™¤ğ™§ ğ™¢ğ™® ğ™ğ™ªğ™¨ğ™©ğ™¡ğ™š. ğ™„ ğ™œğ™–ğ™«ğ™š ğ™®ğ™¤ğ™ª ğ™¢ğ™® ğ™ğ™šğ™–ğ™§ğ™©.â€     | ğŸšğŸ™ | #LakeShow | Elizabeth Olsenâ€™s 2nd husband,False,2022-06-30 07:23:57+00:00,SHOULDVE BEEN ME NOOOOOOOOOO https://t.co/BSJgtYxWdt,,Twitter for iPhone
9,Yahoo Entertainment,New York and LA,Be in the know and in the now with pop culture and celeb stories you can't live without.,True,2022-06-30 07:23:26+00:00,"â€˜Black-ishâ€™ stars Anthony Anderson and Tracee Ellis Ross on the showâ€™s legacy, and when theyâ€™ll be ready for a reunion https://t.co/oXVd7jUaTj https://t.co/6eIj5mb9Ef",,SocialFlow
10,Clarabelle,,,False,2022-06-30 07:16:37+00:00,"@YahooEnt: Want to live like Dolly Parton? Stay overnight on her tour bus, complete with a wig cabinet https://t.co/8Nff7MclRL https://tâ€¦",,Twitter Web App
11,CLASS:y FEEL SPECIAL Unit,,Girls' Generation - Apink - CLASS:y,False,2022-06-30 07:15:47+00:00,@YahooEnt: Elizabeth Olsen confirms she and Robbie Arnett 'eloped' and 'had a wedding at another time' https://t.co/3EWoBZP3Mj https://tâ€¦,,Twitter for Android
12,Yahoo Entertainment,New York and LA,Be in the know and in the now with pop culture and celeb stories you can't live without.,True,2022-06-30 07:00:25+00:00,Katie Thurston tries 'dating myself' after split from John Hersey: 'Endings can be beautiful' https://t.co/XVuUhtWb2u https://t.co/7BvVCsjHqk,,SocialFlow
13,Yahoo Entertainment,New York and LA,Be in the know and in the now with pop culture and celeb stories you can't live without.,True,2022-06-30 06:39:47+00:00,Brody Jenner was 'so stoked' when MTV canceled The Hills: New Beginnings https://t.co/hmnNRgXdsl https://t.co/Clq7sygGL2,,SocialFlow
14,The KJ Files,Greater Cleveland,"Blue-collar prole  8 hours a day, but a writer, cartoonist, and freethinker in my spare time. My tweets are mostly  things I find on the web. Enjoy!ğŸ³ï¸â€ğŸŒˆ",False,2022-06-30 06:22:30+00:00,"@YahooEnt: Want to live like Dolly Parton? Stay overnight on her tour bus, complete with a wig cabinet https://t.co/8Nff7MclRL https://tâ€¦",,Twitter Web App
15,THEE Annoying Non-Binary ğŸ¦µğŸ¿grow,Jabberwock Island,THEY/She/He 25. rip @Beatricethegold. donâ€™t expect good things from me cause I love to argue. Bowser made me a furry. The power ofã€=â—ˆï¸¿â—ˆ=ã€‘,False,2022-06-30 06:20:01+00:00,@YahooEnt: Elizabeth Olsen confirms she and Robbie Arnett 'eloped' and 'had a wedding at another time' https://t.co/3EWoBZP3Mj https://tâ€¦,,Twitter for iPhone
16,Yahoo Entertainment,New York and LA,Be in the know and in the now with pop culture and celeb stories you can't live without.,True,2022-06-30 06:17:09+00:00,Cole Sprouse and Kathryn Newton to lead â€˜Lisa Frankensteinâ€™ from Diablo Cody script https://t.co/7TQyJDaj9L https://t.co/BZDfdRjsB2,,SocialFlow
17,Mr.Daredevil,,"I love @WWE & @AEW
I love @BeckyLynchWWE",False,2022-06-30 06:07:47+00:00,@YahooEnt: Elizabeth Olsen confirms she and Robbie Arnett 'eloped' and 'had a wedding at another time' https://t.co/3EWoBZP3Mj https://tâ€¦,,Twitter for Android
18,Stanley Bell,,"Ğ¯ Ñ Ğ½ĞµÑ‚ĞµÑ€Ğ¿ĞµĞ½Ğ¸ĞµĞ¼ Ğ¶Ğ´Ñƒ Ğ¾Ñ‚Ğ²ĞµÑ‚Ğ°, ĞºĞ¾Ğ³Ğ´Ğ° Ñ Ğ¾Ñ‚Ğ²ĞµÑ‡Ñƒ",False,2022-06-30 06:07:24+00:00,"@YahooEnt: Want to live like Dolly Parton? Stay overnight on her tour bus, complete with a wig cabinet https://t.co/8Nff7MclRL https://tâ€¦",,Twitter Web App
19,Yahoo Entertainment,New York and LA,Be in the know and in the now with pop culture and celeb stories you can't live without.,True,2022-06-30 05:54:01+00:00,Selena Gomez calls on men to â€˜stand upâ€™ &amp; â€˜speak againstâ€™ Supreme Courtâ€™s overturning of Roe v. Wade https://t.co/9nEPajK5Rc https://t.co/dO2ISfDNn4,,SocialFlow
20,Yahoo Entertainment,New York and LA,Be in the know and in the now with pop culture and celeb stories you can't live without.,True,2022-06-30 05:33:36+00:00,"High School Musical season 3 trailer teases Summer Camp romance drama â€” Plus, who will star in Frozen? https://t.co/b6f0SvbwI3 https://t.co/WrwLYMWlrM",,SocialFlow
21,Hollis,"Chicago, IL",I look. I see. I visualize. I create. Science rules. Oh - and NO DM's/lists.,False,2022-06-30 05:19:48+00:00,"@YahooEnt: Want to live like Dolly Parton? Stay overnight on her tour bus, complete with a wig cabinet https://t.co/8Nff7MclRL https://tâ€¦",,Twitter Web App
22,Yahoo Entertainment,New York and LA,Be in the know and in the now with pop culture and celeb stories you can't live without.,True,2022-06-30 05:10:35+00:00,Chris Pratt says he's 'never' been to Hillsong Church: 'Really I'm not a religious person' https://t.co/aoI9mj4XZp https://t.co/aWSVmw2wln,,SocialFlow
23,Heidi Langston,"San Antonio, TX",Movie Lover/Marvel Fan/Pro-Democracy,False,2022-06-30 05:02:54+00:00,@YahooEnt: Hilarie Burton shares story of abortion after pregnancy loss: 'I only have my daughter because of my abortion' https://t.co/nâ€¦,,Twitter for Android
24,Lastrassifan8,NotBlack,,False,2022-06-30 04:56:12+00:00,@jarodzsz: the therapy sessions: https://t.co/ol2vxVxw4H,,Twitter for iPhone
25,Samuel,"California, USA",Remember to be Kind to Each Other,False,2022-06-30 04:53:25+00:00,@YahooEnt: Elizabeth Olsen confirms she and Robbie Arnett 'eloped' and 'had a wedding at another time' https://t.co/3EWoBZP3Mj https://tâ€¦,,Twitter for iPhone
26,Twitteeee,,,False,2022-06-30 04:53:14+00:00,@YahooEnt: Elizabeth Olsen confirms she and Robbie Arnett 'eloped' and 'had a wedding at another time' https://t.co/3EWoBZP3Mj https://tâ€¦,,Twitter Web App
27,"cÎ±ÑlÎ± (BSc, MSc) ğŸ™ƒ",uÊop ÇpÄ±sdn ÇÉ¥Ê‡,3âƒ£7âƒ£ğŸ¤¦ğŸ» ğŸ‡µğŸ‡¦ she/her. the worst pisces you will ever meet. https://t.co/H5yTmHkDKA + https://t.co/d7EofmrIi2 & beta/proofreading @pikkoshouse,False,2022-06-30 04:52:56+00:00,@YahooEnt: Hilarie Burton shares story of abortion after pregnancy loss: 'I only have my daughter because of my abortion' https://t.co/nâ€¦,,TweetDeck
28,â˜•ï¸ERICA ğŸ³ï¸â€ğŸŒˆ,nunya business ,"pansexual. athiest, Autism warrior mom! pro wrestling fan! she/her  cashapp $reeceecup527",False,2022-06-30 04:49:17+00:00,@YahooEnt: Hilarie Burton shares story of abortion after pregnancy loss: 'I only have my daughter because of my abortion' https://t.co/nâ€¦,,Twitter for iPhone
29,Yahoo Entertainment,New York and LA,Be in the know and in the now with pop culture and celeb stories you can't live without.,True,2022-06-30 04:46:48+00:00,Hilarie Burton shares story of abortion after pregnancy loss: 'I only have my daughter because of my abortion' https://t.co/nTjUqBxshe https://t.co/2PfSdpLRWW,,SocialFlow
30,Chris Taylor ğŸ‡¨ğŸ‡¦ğŸ³ï¸â€ğŸŒˆ â˜®ï¸forğŸ‡ºğŸ‡¦,"London, Ontario, Canada",Canadian | Photographer | World Traveller 90 Countries & Counting. âœˆï¸ğŸŒğŸ‘ŠğŸ»ğŸ‘ŠğŸ½ğŸ‘ŠğŸ¿| BLM!!,False,2022-06-30 04:33:12+00:00,@YahooEnt I didn't expect it to be so tacky! ğŸ«¤,,Twitter Web App
31,Sherrillâ˜®ï¸,,"Mom and Grandma to many!! Love cats, dogs, old cars, music, nature, reading. TRUMP IS EVIL #Resist ğŸ’™",False,2022-06-30 04:31:23+00:00,"@YahooEnt: Want to live like Dolly Parton? Stay overnight on her tour bus, complete with a wig cabinet https://t.co/8Nff7MclRL https://tâ€¦",,Twitter for iPhone
32,HRH Countess Stacie,North Carolina & SW5 London UK,"She/Her Devoted to UNC,Snow Patrol,Chelsea FC and Scandal. #Gladiator #resist #RangersFC #SussexSquad #BLM ğŸ‡¬ğŸ‡§ğŸ´ó §ó ¢ó ¥ó ®ó §ó ¿ğŸ´ó §ó ¢ó ³ó £ó ´ó ¿ğŸ´ó §ó ¢ó ·ó ¬ó ³ó ¿",False,2022-06-30 04:27:28+00:00,@YahooEnt: Kamala Harris hosts LGBTQ+ Pride event at VP residence with drag race legend Shangela https://t.co/5nTaJi3KxR https://t.co/oyâ€¦,,Twitter for Android
33,ğŸ‡®ğŸ‡¶î¨€ğ…ğšğ¥ğœğ¨ğ§ ğ‡ğšğ¦ğšğğš,Iraq,"Official Account
The Only to Mr
The Falcon Hamada
Via Platform A Twitter
âœ‹ğŸ»â©ğŸ˜”ğŸš«+21",False,2022-06-30 04:26:17+00:00,@YahooEnt: Kamala Harris hosts LGBTQ+ Pride event at VP residence with drag race legend Shangela https://t.co/5nTaJi3KxR https://t.co/oyâ€¦,,Twitter for Android
34,Yahoo Entertainment,New York and LA,Be in the know and in the now with pop culture and celeb stories you can't live without.,True,2022-06-30 04:26:08+00:00,Kamala Harris hosts LGBTQ+ Pride event at VP residence with drag race legend Shangela https://t.co/5nTaJi3KxR https://t.co/oyuegagD0I,,SocialFlow
35,Gmale.eth,"Texas, USA",Web 3 business owner. $ENS member. Texas Realtor and Entrepreneur,False,2022-06-30 04:19:12+00:00,@dr3a_eth @DylanMeador @jgonzales19701 @Yahoo @YahooNews @YahooFinance @YahooEnt @YahooSports @YahooFantasy Heâ€™s hella good at it huh ğŸ˜ğŸ’¯,,Twitter for iPhone
36,DR3A.ETH,,"Just posting about what I love.
ETH, ENS, &NFTS.

#NFA
#DYOR",False,2022-06-30 04:18:20+00:00,@DylanMeador @jgonzales19701 @lithappyadvent1 @Yahoo @YahooNews @YahooFinance @YahooEnt @YahooSports @YahooFantasy You should become a certified ens Shiller ğŸ˜,,Twitter Web App
37,Gmale.eth,"Texas, USA",Web 3 business owner. $ENS member. Texas Realtor and Entrepreneur,False,2022-06-30 04:17:42+00:00,@DylanMeador @jgonzales19701 @Yahoo @YahooNews @YahooFinance @YahooEnt @YahooSports @YahooFantasy Yâ€™all heard the man. Off the market ğŸ˜ğŸ‘€ğŸ’¯lol,,Twitter for iPhone
38,satoshi.testaccount.eth {ğŸ’dylan.eth} ğŸ¦‡ğŸ”Š,LibertyReserve.eth,"â˜…Taking over the internet 1 follower at a timeâ˜…

ğŸ’dylan.userinfo.eth

ğŸª¬Collector of OG #Web3 #Domains

ens.moreinfo.eth ğŸ”—ğŸ‘‡

https://t.co/MQO9Wcmvfg
$",False,2022-06-30 04:16:53+00:00,"@jgonzales19701 @lithappyadvent1 U know what? Ive changed my mind, email.eth isnt for sale anymore its now up for trade. We want https://t.co/1Ow6ne607I for email.eth @Yahoo @YahooNews @YahooFinance @YahooEnt @YahooSports @YahooFantasy",,Twitter for Android
39,ğŸ‡®ğŸ‡¶î¨€ğ…ğšğ¥ğœğ¨ğ§ ğ‡ğšğ¦ğšğğš,Iraq,"Official Account
The Only to Mr
The Falcon Hamada
Via Platform A Twitter
âœ‹ğŸ»â©ğŸ˜”ğŸš«+21",False,2022-06-30 04:02:59+00:00,@YahooEnt: Leon Brown â€” 'Sister Wives' star â€” comes out as transgender in emotional post https://t.co/lZ32sv7ZSu https://t.co/ApTK7LUKpz,,Twitter for Android
40,Yahoo Entertainment,New York and LA,Be in the know and in the now with pop culture and celeb stories you can't live without.,True,2022-06-30 04:02:41+00:00,Leon Brown â€” 'Sister Wives' star â€” comes out as transgender in emotional post https://t.co/lZ32sv7ZSu https://t.co/ApTK7LUKpz,,SocialFlow
41,"+Harry Joseph Friel, Catholic","Lansdale, PA","Bryn Mawr, PA. Presidential Candidate, Shippensburg Univ BA Class President, West Chester Univ, Sony USA, Hawaiâ€™i State Capitol, Honolulu Police CPA 17th Class",False,2022-06-30 03:51:11+00:00,"@YahooEnt: Want to live like Dolly Parton? Stay overnight on her tour bus, complete with a wig cabinet https://t.co/8Nff7MclRL https://tâ€¦",,Twitter for iPad
42,Doris Bivingsâ™ğŸ¦‚ğŸ’‰ğŸ’‰ğŸ’™ğŸ’™â¤â¤,"Spartanburg, SC",Democrat.  Braves Fan.  NO DM'S PLEASE. Follow 2nd acct. CELB2000 as well. No more DM'S. Certified Nursing Assistant (CNA),False,2022-06-30 03:43:10+00:00,"@YahooEnt: Want to live like Dolly Parton? Stay overnight on her tour bus, complete with a wig cabinet https://t.co/8Nff7MclRL https://tâ€¦",,Twitter for Android
43,Yahoo Entertainment,New York and LA,Be in the know and in the now with pop culture and celeb stories you can't live without.,True,2022-06-30 03:42:33+00:00,"Want to live like Dolly Parton? Stay overnight on her tour bus, complete with a wig cabinet https://t.co/8Nff7MclRL https://t.co/HJFHmzIefn",,SocialFlow
44,Alexis Brown,"Eastman, GA",25 Year Old | Director/Screenwriter | Photographer,False,2022-06-30 03:35:02+00:00,@YahooEnt: Queen Latifah on creating her own lane: 'I have not been pressured about my weight by anyone in Hollywood for quite some timeâ€¦,,Twitter for iPhone
45,Yahoo Entertainment,New York and LA,Be in the know and in the now with pop culture and celeb stories you can't live without.,True,2022-06-30 03:20:37+00:00,"Neil Patrick Harris, 49, says he's embracing the 'lines' and 'wrinkles' on his face: 'I honestly feel better than Iâ€™ve felt in my whole life' https://t.co/gVmWBUDOah https://t.co/V4tKFVp3O2",,SocialFlow
46,Muwanguzi Solomon ğŸ‡¸ğŸ‡ªğŸ‡ºğŸ‡¬,uganda east africa,Brand ambassador #fitleteathletica I luv basketball #Lakers fan and football #RedDevil die hard I luv my food sexy God luvz you and I care ğŸ’¯,False,2022-06-30 03:07:45+00:00,@YahooEnt: Queen Latifah on creating her own lane: 'I have not been pressured about my weight by anyone in Hollywood for quite some timeâ€¦,,Twitter for Android
47,Outlawrob58StreamingChannel2022,Earth-10005,"Videogamer, techy gadget freak, Dad, cigar smoker, beer, wine & champagne lover. Husband, Into everything Kool every single day, music lover, STL sports fan!!!!",False,2022-06-30 03:07:17+00:00,@YahooEnt: Kristin Cavallari says she doesn't weigh herself anymore: 'I can tell how my clothes fit me' https://t.co/ip9SJhYiEE https://â€¦,,Twitter Web App
48,Yahoo Entertainment,New York and LA,Be in the know and in the now with pop culture and celeb stories you can't live without.,True,2022-06-30 02:53:28+00:00,Kristin Cavallari says she doesn't weigh herself anymore: 'I can tell how my clothes fit me' https://t.co/ip9SJhYiEE https://t.co/ILV939LYkI,,SocialFlow
49,Yahoo Entertainment,New York and LA,Be in the know and in the now with pop culture and celeb stories you can't live without.,True,2022-06-30 02:26:41+00:00,Queen Latifah on creating her own lane: 'I have not been pressured about my weight by anyone in Hollywood for quite some time' https://t.co/3Vc9sGQLNB https://t.co/Uk9gRgYRuR,,SocialFlow
50,PineApple Love,,I love pineapples and I want to share the love!,False,2022-06-30 02:17:59+00:00,"@YahooEnt: 'Stranger Things' star Gaten Matarazzo thinks pineapple deserves a chance as a pizza topping: 'I understand the hate, but I wâ€¦",,Pineapp bot
51,Yahoo Entertainment,New York and LA,Be in the know and in the now with pop culture and celeb stories you can't live without.,True,2022-06-30 02:04:56+00:00,"Luke Combs admits he's 'struggled' with weight, but he wants to get in shape to 'be around' for son https://t.co/XpBmUitjAb https://t.co/v8WDLdrzK4",,SocialFlow
52,Anthony Campbell,,,False,2022-06-30 01:54:11+00:00,"@YahooEnt That is cool and all, but how does this affect LeBron Jamesâ€™ legacy?",,Twitter for iPhone
53,Yahoo Entertainment,New York and LA,Be in the know and in the now with pop culture and celeb stories you can't live without.,True,2022-06-30 01:43:12+00:00,"'Stranger Things' star Gaten Matarazzo thinks pineapple deserves a chance as a pizza topping: 'I understand the hate, but I want people to try it' https://t.co/OgVGOenqyv https://t.co/YZQk24o0uw",,SocialFlow
54,Antonio Bowman,,,False,2022-06-30 01:34:20+00:00,@YahooEnt Theyâ€™re all in Puerto Rico now for MOLLY QERIM and PAUL RIVERA WEDDING!!!!!!,,Twitter for iPhone
55,Yahoo Entertainment,New York and LA,Be in the know and in the now with pop culture and celeb stories you can't live without.,True,2022-06-30 01:15:57+00:00,Andy Cohen twins with 8-week-old daughter Lucy in adorable selfie: 'We see each other' https://t.co/L7fq6Kg2To https://t.co/VgT6JLyQ1h,,SocialFlow
56,Grizzlies6thman,FedEx ForumğŸŸ,I just want some Ja Morant merch ğŸ˜,False,2022-06-30 01:11:39+00:00,@YahooEnt: Adele and boyfriend Rich Paul have a glamorous date night at Kevin Love and Kate Bock's wedding https://t.co/KzxZDTZkVc httpsâ€¦,,Twitter for iPhone
57,Yahoo Entertainment,New York and LA,Be in the know and in the now with pop culture and celeb stories you can't live without.,True,2022-06-30 00:53:46+00:00,Miranda Lambert reveals mom Beverly is healthy after breast cancer journey: 'She's unstoppable' https://t.co/UnkotUX0tW https://t.co/iT6anWlYNO,,SocialFlow
58,ROSEY SPORTS,,Sports Media : Please DO NOT send me DMs or links! Thank you!,False,2022-06-30 00:43:09+00:00,@YahooEnt ğŸ’€ğŸš©ğŸ¤£ğŸ˜‚Caption ğŸ¤¡! Itâ€™s Billionaire Jamesâ€™ for me! https://t.co/zXlBcot31p,,Twitter for iPhone
59,Michael Cree,"Washington, DC",Unique Interesting News & Technology Investments Fanatic #Startup #Investors #AI #Tech  #Blockchain #AMC #Bitcoin #BlackOwnedBusiness #PopCom #AtomBeamTech,False,2022-06-30 00:39:54+00:00,"Cameron Returns From Normal Life
#CameronDiaz @YahooEnt
https://t.co/rmxCbFm7mu",['CameronDiaz'],Twitter for Android
60,Yahoo Entertainment,New York and LA,Be in the know and in the now with pop culture and celeb stories you can't live without.,True,2022-06-30 00:26:47+00:00,Cara Delevingne: 'Only Murders in the Building' romance with pal Selena Gomez 'means a lot' https://t.co/z94r6vWAMh https://t.co/hiUsNbkiQx,,SocialFlow
61,Dylan Landon,"Los Angeles, CA",Producer â€œImpaulsiveâ€ & â€œThe Eli Manning Showâ€ Youtube | High-Energy Specialist! ğŸ™ŒğŸ¼ MTV FOX ULTRA #AllNewSeinfeld LETS GO!!,False,2022-06-30 00:02:38+00:00,@YahooEnt James Van Der Beek playing him the in the movie ?,,Twitter for iPhone
62,Yahoo Entertainment,New York and LA,Be in the know and in the now with pop culture and celeb stories you can't live without.,True,2022-06-30 00:00:12+00:00,Trista and Ryan Sutter talk about his horrific battle with lyme disease: 'It took over my life' https://t.co/oJ14YbCERe https://t.co/9HaSDDHgbs,,SocialFlow
63,à¹‚à¸ˆà¹€à¸¢à¸§à¸­à¸™,,à¸‰à¸±à¸™à¹€à¸›à¹‡à¸™à¸à¸µà¹ˆà¸™à¹‰à¸­à¸‡à¸à¸±à¸šà¹‚à¸ˆà¸­à¸¶à¸™à¹€à¸® @joeunhae_toey #à¸à¸µà¹ˆà¸™à¹‰à¸­à¸‡à¸•à¸£à¸°à¸à¸¹à¸¥à¹‚à¸ˆ,False,2022-06-29 23:35:20+00:00,@YahooEnt: Elizabeth Olsen confirms she and Robbie Arnett 'eloped' and 'had a wedding at another time' https://t.co/3EWoBZP3Mj https://tâ€¦,,Twitter for Android
64,Yahoo Entertainment,New York and LA,Be in the know and in the now with pop culture and celeb stories you can't live without.,True,2022-06-29 23:33:41+00:00,Elizabeth Olsen confirms she and Robbie Arnett 'eloped' and 'had a wedding at another time' https://t.co/3EWoBZP3Mj https://t.co/gVVQtKHWgE,,SocialFlow
65,Ricardo Savage,"North Vallejo, CA",,False,2022-06-29 23:29:55+00:00,Britney Spears' ex ordered to trial on stalking charge https://t.co/19HnRyeCYD via @YahooEnt @AP @AboutTheAP @AP_Archive @AP_GMS,,Twitter Web App
66,Yahoo Entertainment,New York and LA,Be in the know and in the now with pop culture and celeb stories you can't live without.,True,2022-06-29 23:05:07+00:00,Kate Middleton and Prince William mourn death of Deborah James: 'We are so sad' https://t.co/dTtPAJQsnn https://t.co/psbXvl994i,,SocialFlow
67,Ivanka,"Melbourne, Australia","É›Õ¼ÊÖ…ÊÉ¨Õ¼É¢ ÊŸÉ¨Ê„É›, ÊŸÖ…Ê‹É› É¢Ö…Ö…É– ÊÖ…Ó„É›Ö† 
ğŸ˜·ğŸ°ğŸ«ğŸ¬ğŸ¦ğŸ¨ğŸ§",False,2022-06-29 22:46:39+00:00,@YahooEnt: Cameron Diaz returns to acting for her first role in 8 years: 'I feel excited' https://t.co/G5HaduRpo3 https://t.co/9nBg6qd6tO,,Twitter for Android
68,Yahoo Entertainment,New York and LA,Be in the know and in the now with pop culture and celeb stories you can't live without.,True,2022-06-29 22:31:37+00:00,"Kristin Cavallari is 'happy' about her weight gain, says she's 'shocked at how thin' she once was https://t.co/c5WGEt0nqx https://t.co/pjku9CIQ6y",,SocialFlow
69,michael chapman,,"Jazz often touches My heart, soul & spirit with its improvisational beauty",False,2022-06-29 22:09:55+00:00,"@YahooEnt Richard was standing in front of me in the early 80s at Hollywood Park waiting to place a wager, I wanted to crack a joke but decided to respect His privacy...",,Twitter Web App
70,Julian Mendoza,Riverside Ca,Accordions JM Julian Mendoza #TeamJMYLMT #AndaluzTeam ğŸğŸ´ğŸ¤  @andaluzmusicoficial @hollywoodrecords Love The Girl Is World @sofiacarson ğŸŒ¹â¤ï¸ğŸ˜˜ğŸ˜ğŸ¥°ğŸ’‹ğŸ’—ğŸ‘¢ğŸ‘«,False,2022-06-29 22:05:45+00:00,@YahooEnt: Richard Pryor's daughter Rain says he was honest about 'his demons and his addictions' during her childhood https://t.co/wMG1â€¦,,Twitter for iPad
71,Yahoo Entertainment,New York and LA,Be in the know and in the now with pop culture and celeb stories you can't live without.,True,2022-06-29 21:58:21+00:00,Richard Pryor's daughter Rain says he was honest about 'his demons and his addictions' during her childhood https://t.co/wMG1v9toas https://t.co/2KtVYQIA3W,,SocialFlow
72,The Shea Butter Prince,London,"An atypical  Londoner. I didn't choose the nerd life, the nerd life chose me.",False,2022-06-29 21:53:47+00:00,@jarodzsz: the therapy sessions: https://t.co/ol2vxVxw4H,,Twitter Web App
73,who askin,Everywhereee,low key my Twitter finsta,False,2022-06-29 21:33:02+00:00,"@YahooEnt: Lil Nas X details 'painful and strained' history with BET, says network asked if he worshiped satan https://t.co/hnpdhpUQQ9 hâ€¦",,Twitter for iPhone
74,Chris Yanke,"Lake Balboa, Los Angeles",Netflix film â€œRoll with Meâ€Los Angeles based Actor/Producer. Sharing News and Global News related to Social Cause Community Continuity. Re-post items to inspire,False,2022-06-29 21:30:46+00:00,@YahooEnt: Adele and boyfriend Rich Paul have a glamorous date night at Kevin Love and Kate Bock's wedding https://t.co/KzxZDTZkVc httpsâ€¦,,Twitter for iPhone
75,Yahoo Entertainment,New York and LA,Be in the know and in the now with pop culture and celeb stories you can't live without.,True,2022-06-29 21:29:53+00:00,Adele and boyfriend Rich Paul have a glamorous date night at Kevin Love and Kate Bock's wedding https://t.co/KzxZDTZkVc https://t.co/rBnnSHxKee,,SocialFlow
76,Micheal Soriano,â¤ï¸ of ğŸ† Downtown LA,Welcome everybody to LA world ğŸŒ,False,2022-06-29 21:14:11+00:00,@YahooEnt: Jason Kander was a rising star in the Democratic Party. Then he went on suicide watch https://t.co/XR8VRKdOnk https://t.co/Y3â€¦,,Twitter Web App
77,Yahoo Entertainment,New York and LA,Be in the know and in the now with pop culture and celeb stories you can't live without.,True,2022-06-29 20:57:24+00:00,JoJo Siwa says she and girlfriend Kylie Prew are setting 'new boundaries' in rekindled relationship https://t.co/siMFRGwGHg https://t.co/x6zi32uNBZ,,SocialFlow
78,Deplorable Marilyn,"New York, USA","Married Christian âœï¸#MAGA #TRUMP 
#BUILD THE WALL#AMERICA FIRSTğŸ‡ºğŸ‡¸# FREEDOM OF SPEECH #RELIGIOUS FREEDOM#
Occupation: NYCTeacher/Literacy",False,2022-06-29 20:52:00+00:00,@Ctracymock @YahooEnt Whoopee is full of..... https://t.co/TwelmnieX2,,Twitter for Android
79,Yahoo Entertainment,New York and LA,Be in the know and in the now with pop culture and celeb stories you can't live without.,True,2022-06-29 20:34:07+00:00,Tessa Thompson says Valkyrie's sexuality was a 'big topic of conversation' on 'Thor: Love and Thunder' https://t.co/FdTDJ3Gy9p https://t.co/yHxA9uj9cK,,SocialFlow
80,elkino dawkins,,,False,2022-06-29 20:12:01+00:00,@YahooEnt: Heidi Klum says daughter Leni is moving to N.Y.C. to grow modeling career: 'I'm excited for her' https://t.co/q4SSsCv5sb httpâ€¦,,Twitter Web App
81,Yahoo Entertainment,New York and LA,Be in the know and in the now with pop culture and celeb stories you can't live without.,True,2022-06-29 20:10:56+00:00,"@djkevlar: Hereâ€™s @TessaThompson_x with some profound thoughts on addressing Valkyrieâ€™s love life in #ThorLoveandThunder 

""We are not dâ€¦",['ThorLoveandThunder'],Twitter for iPhone
82,Yahoo Entertainment,New York and LA,Be in the know and in the now with pop culture and celeb stories you can't live without.,True,2022-06-29 20:10:51+00:00,Heidi Klum says daughter Leni is moving to N.Y.C. to grow modeling career: 'I'm excited for her' https://t.co/q4SSsCv5sb https://t.co/DQKQckz98I,,SocialFlow
83,Semaj Thomas,,,False,2022-06-29 20:00:04+00:00,@YahooEnt: R. Kelly sentenced to 30 years in prison for sex trafficking https://t.co/mVD7KMZYOl https://t.co/Lomyl1V5Dy,,Twitter for iPhone
84,Raymond Kibonekha,"New York, USA","KIBONEKA RAYMOND official,

#Resiliency my lifetime anchor.

Email;rkibonekha5@aol.com",False,2022-06-29 19:54:43+00:00,@YahooEnt: Cameron Diaz returns to acting for her first role in 8 years: 'I feel excited' https://t.co/G5HaduRpo3 https://t.co/9nBg6qd6tO,,Twitter for Android
85,Yahoo Entertainment,New York and LA,Be in the know and in the now with pop culture and celeb stories you can't live without.,True,2022-06-29 19:50:07+00:00,Cameron Diaz returns to acting for her first role in 8 years: 'I feel excited' https://t.co/G5HaduRpo3 https://t.co/9nBg6qd6tO,,SocialFlow
86,Yahoo Entertainment,New York and LA,Be in the know and in the now with pop culture and celeb stories you can't live without.,True,2022-06-29 19:49:59+00:00,R. Kelly sentenced to 30 years in prison for sex trafficking https://t.co/mVD7KMZYOl https://t.co/Lomyl1V5Dy,,SocialFlow
87,elkino dawkins,,,False,2022-06-29 19:41:32+00:00,@YahooEnt: Cameron Diaz to make acting return in Netflix movie with Jamie Foxx: 'I can't frickin wait' https://t.co/rmrGwRqK97 https://tâ€¦,,Twitter Web App
88,Yahoo Entertainment,New York and LA,Be in the know and in the now with pop culture and celeb stories you can't live without.,True,2022-06-29 19:40:22+00:00,Cameron Diaz to make acting return in Netflix movie with Jamie Foxx: 'I can't frickin wait' https://t.co/rmrGwRqK97 https://t.co/SeBlaS9vdZ,,SocialFlow
89,Yahoo Entertainment,New York and LA,Be in the know and in the now with pop culture and celeb stories you can't live without.,True,2022-06-29 19:18:57+00:00,Megan Fox opened up about what she's done to support Machine Gun Kelly after his suicide attempt https://t.co/hWadPlEtrR https://t.co/aoArhtXhOO,,SocialFlow
90,Yahoo Entertainment,New York and LA,Be in the know and in the now with pop culture and celeb stories you can't live without.,True,2022-06-29 18:53:11+00:00,Zachary Levi had a mental health 'breakdown.' Here's how 'Radical Love' helped him heal https://t.co/mrouBUC7VP https://t.co/4RUrcqUk7t,,SocialFlow
91,JerrychasingTomğŸ´â€â˜ ï¸,Thundera,"Just a wonderful woman. 
Tercer planeta. Powered by Pupusas #Loki #THiddles",False,2022-06-29 18:33:43+00:00,@YahooEnt: Fallon mocks Giuliani for overreacting to slap on the back: â€˜Clearly Rudy didnâ€™t see this yearâ€™s Oscarsâ€™ https://t.co/piawBArâ€¦,,Twitter for Android
92,JerrychasingTomğŸ´â€â˜ ï¸,Thundera,"Just a wonderful woman. 
Tercer planeta. Powered by Pupusas #Loki #THiddles",False,2022-06-29 18:30:32+00:00,@YahooEnt: Chelsea Handler slams GOP claims of being pro-life: â€˜Like calling O.J. Simpson pro-wifeâ€™ https://t.co/y9PwzQDkyr https://t.coâ€¦,,Twitter for Android
93,Yahoo Entertainment,New York and LA,Be in the know and in the now with pop culture and celeb stories you can't live without.,True,2022-06-29 18:26:59+00:00,Travis Barker hospitalized in LA as daughter asks for prayers https://t.co/zx6bZRy9zk https://t.co/sUByvKgGtY,,SocialFlow
94,NAYOMBE ğŸ—ï¸,"Nairobi, Kenya ","The Official Account for Nayombe. 

Intrigued by Politics. 

Believer in Social Innovation. 

 Food Safety - @Consumers_Kenya. 

Business @arney_ajoa, 

Azimio",False,2022-06-29 18:17:19+00:00,@Anne_W_Strike: Who thought big events were possible after the pandemic? We possibly couldnâ€™t underestimate a vaccine â¦@YahooEntâ© â¦@Yahoâ€¦,,Twitter for Android
95,Marci Wright,Seattle,"Idealist, full-hearted President Obama supporter & die-hard Roger Federer fan. Blue girl in a blue state. she/her Proudly RT @darth & @Lin_Manuel",False,2022-06-29 18:15:08+00:00,@YahooEnt: Jason Kander was a rising star in the Democratic Party. Then he went on suicide watch https://t.co/XR8VRKdOnk https://t.co/Y3â€¦,,Twitter for iPad
96,Anne Wafula Strike,UK,Mom/teacher/Paralympian/occasionally race wheelchairs/soon to start flying. (SG Commonwealth-special envoy/Champion for Equality in Sports).My own views.,True,2022-06-29 18:10:41+00:00,Who thought big events were possible after the pandemic? We possibly couldnâ€™t underestimate a vaccine â¦@YahooEntâ© â¦@YahooSportsâ© https://t.co/G37Oa7GvuM,,Twitter for iPhone
97,Yahoo Entertainment,New York and LA,Be in the know and in the now with pop culture and celeb stories you can't live without.,True,2022-06-29 17:55:16+00:00,'ER' actress Mary Mara's cause of death revealed https://t.co/gu6ygFRrTH https://t.co/fLE54FKwXG,,SocialFlow
98,The Rebel,"New York, USA","I'm just trying to be me, doing what I got to do...",False,2022-06-29 17:52:48+00:00,@YahooEnt: Sam Asghari calls marriage to Britney Spears â€˜a fairytale' in exclusive 'GMA' interview https://t.co/0DPkcuBXAa https://t.co/â€¦,,Twitter for Android
99,Yahoo Entertainment,New York and LA,Be in the know and in the now with pop culture and celeb stories you can't live without.,True,2022-06-29 17:51:53+00:00,Sam Asghari calls marriage to Britney Spears â€˜a fairytale' in exclusive 'GMA' interview https://t.co/0DPkcuBXAa https://t.co/kynoR8PnI8,,SocialFlow
100,Yahoo Entertainment,New York and LA,Be in the know and in the now with pop culture and celeb stories you can't live without.,True,2022-06-29 17:27:04+00:00,Machine Gun Kelly reveals he attempted suicide after his father's death https://t.co/jSBBMomMJv https://t.co/ob9EixRN8L,,SocialFlow
101,Yahoo Entertainment,New York and LA,Be in the know and in the now with pop culture and celeb stories you can't live without.,True,2022-06-29 17:05:59+00:00,Travis Barker hospitalized: Everything we know so far https://t.co/oeIurFXTbr https://t.co/1L1C7WRcy6,,SocialFlow
102,Yahoo Entertainment,New York and LA,Be in the know and in the now with pop culture and celeb stories you can't live without.,True,2022-06-29 16:49:37+00:00,"Britney Spears 'loves her new house,' says source: 'She wanted a fresh start with Sam' https://t.co/RIQaFGElwz https://t.co/xqQ41TPr6d",,SocialFlow
103,Yahoo Entertainment,New York and LA,Be in the know and in the now with pop culture and celeb stories you can't live without.,True,2022-06-29 16:24:39+00:00,Seth Meyers shreds right-wing â€˜gaslightingâ€™ after Roe v Wade reversal: â€˜Shâ€“tiest Jedi mind trick Iâ€™ve ever seenâ€™ https://t.co/oiQtHF6uHQ https://t.co/wvipdCKKzO,,SocialFlow
104,Bri HURTT,,Comic book artist/writer,False,2022-06-29 16:06:33+00:00,@YahooEnt: Jason Kander was a rising star in the Democratic Party. Then he went on suicide watch https://t.co/XR8VRKdOnk https://t.co/Y3â€¦,,Twitter for iPhone
105,Michael Markman,"Kirkland, WA",on hiatus he/him,False,2022-06-29 16:05:01+00:00,@YahooEnt @JasonKander Thatâ€™s entertainment?,,Twitter for iPhone
106,Yahoo Entertainment,New York and LA,Be in the know and in the now with pop culture and celeb stories you can't live without.,True,2022-06-29 16:00:03+00:00,Cardi B confirms Kanye West and Lil Durk features on 'Hot Sh*t' https://t.co/FPHAsXVr2T https://t.co/Udha7Dc0ZN,,SocialFlow
107,Jay,Southern California,https://t.co/AUA0j0u705,False,2022-06-29 15:59:13+00:00,@YahooEnt: Seth MacFarlane says he doesn't regret any of the politically incorrect humor in 'Ted': 'I'd make it the same way' https://t.â€¦,,Twitter for iPhone
108,Jordan Olsen,"Grand Rapids, MN","These tweets are entirely my opinion and no one else has anything to do with them.

So, naturally they are all correct.",False,2022-06-29 15:51:37+00:00,"@YahooEnt @JasonKander Still a rising star. 

Having mental health struggles shouldn't be a disqualifier for elected office. 

Being unethical, corrupt, or a morally repugnant dirtbag should be. 

Unfortunately we live in a time where the latter is praised in the Republican Party.",,Twitter Web App
109,Jeffrey W. Smith,In the shadow of the Zuni Mts.,THIS IS AMERICA...RIGHT MATTERS. Working to put the 'Just' back in Criminal Justice.  Muy content to live in multicultural New Mexico .,False,2022-06-29 15:51:34+00:00,"What do you do when the battlefield follows you home?  This is the question Jason Kander answers in his book, 'Invisible Storm'.  An important resource for our Veterans facing PTSD due to their service.  @iAmTheWarax @mattczeller @nixonron @KimOlsonTx @votevets https://t.co/nREUGBcPcz",,Twitter for Android
110,Warren Dem Cats #WarrenDemocrat ğŸ—½ğŸ©¸ğŸ¦·ğŸŒ¹ğŸ±,,"#CatLover Fighting for Medicare for All and the Big, Structural Change. #DreamBigFightHard #b7e4cF #NeverthelessShePersisted Revelry in the Dark.",False,2022-06-29 15:47:21+00:00,"@YahooEnt @JasonKander Lucas Kunce will do Jason Kanderâ€™s unfinished fight. 

American people stopped a sex predator candidate from entering the US Senate in 2017, and now we can keep a #DomesticViolence man away from the Senate and #LockHimUp. 

I'm ready for this fight. #MOSen https://t.co/X128M8Qgvj",,Twitter for iPhone
111,"artmama ""Wear a mask"" 746",,,False,2022-06-29 15:45:23+00:00,@YahooEnt @JasonKander in the GOP it's ok to be a criminal but not to have PTSD from serving your country.,,Twitter Web App
112,Jason Kander,"Kansas City, MO","Former soldier. Sorta ran for president. Houser of homeless vets @VCP_HQ, podcaster @Majority54, baseball player @KCHustlers. Member #AfghanEvac. Husband. Dadx2",True,2022-06-29 15:41:09+00:00,@YahooEnt: Jason Kander was a rising star in the Democratic Party. Then he went on suicide watch https://t.co/XR8VRKdOnk https://t.co/Y3â€¦,,Twitter for iPhone
113,Yahoo Entertainment,New York and LA,Be in the know and in the now with pop culture and celeb stories you can't live without.,True,2022-06-29 15:35:20+00:00,Ashley McBryde pauses tour for a few weeks due to 'personal reasons' https://t.co/gfxkAWlGqf https://t.co/C8I9t9T3fH,,SocialFlow
114,Daniel Prekopa,"Wichita, KS","Husband, father, former journalist and current truck driver. Loyal DAlien and Clone. Hopeful future Cleveland Browns GM.",False,2022-06-29 15:10:09+00:00,@YahooEnt Mel Brooks prided himself in offending everyone. Itâ€™s not good comedy if someone isnâ€™t offended lol,,Twitter for iPhone
115,Yahoo Entertainment,New York and LA,Be in the know and in the now with pop culture and celeb stories you can't live without.,True,2022-06-29 15:08:43+00:00,Seth MacFarlane says he doesn't regret any of the politically incorrect humor in 'Ted': 'I'd make it the same way' https://t.co/MR4lSBgxiE https://t.co/2sH7N0DKtQ,,SocialFlow
116,Yahoo Entertainment,New York and LA,Be in the know and in the now with pop culture and celeb stories you can't live without.,True,2022-06-29 14:51:46+00:00,Jason Kander was a rising star in the Democratic Party. Then he went on suicide watch https://t.co/XR8VRKdOnk https://t.co/Y3gCYLouLp,,SocialFlow
117,Overly Positive Fanboy (he/him) ğŸ’›ğŸ’™,All of Time and Space,"Beep

#ActuallyAutistic
#BlackLivesMatter
#TransRightsareHumanRights
#StandWithUkraine",False,2022-06-29 14:46:38+00:00,"@the_moviebob: I mean... this is a LITTLE whiny, but I'd have a *tiny* chip on my shoulder if EVERYONE had been taking bets on when I'dâ€¦",,Twitter Web App
118,koi,,,False,2022-06-29 14:21:44+00:00,@YahooEnt: Alexandria Ocasio-Cortez calls out Mark Meadows for seeking pardon: 'He knew he was breaking the law' https://t.co/ZbhuYazCK7â€¦,,Twitter for iPhone
119,Culture Critic Z,"Washington, USA","cartography, geography, economics, politics, sociology, anthropology, philosophy, theology, design, music, architecture, computers & technology, comics",False,2022-06-29 14:12:55+00:00,"@YahooEnt: Lil Nas X details 'painful and strained' history with BET, says network asked if he worshiped satan https://t.co/hnpdhpUQQ9 hâ€¦",,Twitter for iPhone
120,Hayle George C Scott ğŸ³ï¸â€ğŸŒˆ ğŸŒ»ğŸ‡ºğŸ‡¦ ğŸ‡®ğŸ‡±ğŸ‡°ğŸ‡·ğŸ‡ºğŸ‡¸ğŸŒ,New Tristram,"Biden Bitch. She/her. Fascism bad, NATO good. Mind the mineshaft gap",False,2022-06-29 14:10:33+00:00,"@YahooEnt: Lil Nas X details 'painful and strained' history with BET, says network asked if he worshiped satan https://t.co/hnpdhpUQQ9 hâ€¦",,Twitter for iPhone
121,TeteEbgan,,I am special like the rest of the world,False,2022-06-29 14:09:21+00:00,@YahooEnt They ask questions like those because they are the ones who follow @ChurchofSatan @ChurchofSatan #Satanic behaviors. They are like trump accuse the other person of what the pretend not to be. Yes. Humans need to get with the program #satan comes in all colors but mostly GREEN$$$,['Satanic'],Twitter for iPhone
122,Yahoo Entertainment,New York and LA,Be in the know and in the now with pop culture and celeb stories you can't live without.,True,2022-06-29 14:07:29+00:00,Ginger Zee responds to parenting trolls: 'Everyoneâ€™s village looks different' https://t.co/Eph3bs9EpZ https://t.co/k1Z9W78bHY,,SocialFlow
123,"Thee over educated, pro-choice Jamie Bowen âš–ğŸ’› ğŸŒ»",Kamala's America,"Artist, stone carver. 
https://t.co/smvwSi5UUS venmo: @JamieSBowen
liberal af, ğŸ³ï¸â€ğŸŒˆğŸ³ï¸â€âš§ï¸ pronouns: she/they/he NB #KHive lego, politics & pettiness",False,2022-06-29 14:06:47+00:00,"@YahooEnt: Lil Nas X details 'painful and strained' history with BET, says network asked if he worshiped satan https://t.co/hnpdhpUQQ9 hâ€¦",,Twitter for Android
124,The Buam,,à¸£à¸¹à¸›à¹„à¸¡à¹ˆà¸«à¸¥à¹ˆà¸­ à¸à¹ˆà¸­à¹„à¸¡à¹ˆà¸¡à¸µ à¹à¸¡à¹ˆà¹„à¸¡à¹ˆà¸£à¸§à¸¢ à¹à¸¥à¸°à¹€à¸›à¹‡à¸™à¸„à¸™à¸”à¸µà¸—à¸µà¹ˆà¸¡à¸µà¹à¸Ÿà¸™à¹à¸¥à¹‰à¸§,False,2022-06-29 14:00:21+00:00,@YahooEnt: Bill Hader and Anna Kendrick have reportedly broken up https://t.co/w5w7RUyYbf https://t.co/u0sDHE9UDk,,Twitter for Android
125,a L E X eckstein,270âœˆï¸Seoul?,"Self-proclaimed intellectual, amateur body-builder, try-hard gamer, coffee connoisseur, civilian-ambassador, & bond-servant of Christ. #Unashamed #BBN #FinsUp",False,2022-06-29 13:50:06+00:00,@YahooEnt what about the #GhislaineMaxwell  pedo ring,['GhislaineMaxwell'],Twitter for iPhone
126,Alpha A.,Toronto Ontario Canada,"Happily Married, Father of Twin Boys, Teacher, Traveller, Sun Worshipper. Left Leaning ProgressiveğŸŒ¹AllyğŸŒˆ(BLM) Ideas and tweets are all mine. Need a coffee...",False,2022-06-29 13:32:54+00:00,"@YahooEnt: Lil Nas X details 'painful and strained' history with BET, says network asked if he worshiped satan https://t.co/hnpdhpUQQ9 hâ€¦",,Twitter for iPad
127,JonathanMcgee,"Akron, OH","He/Him, CR 32, black, autistic, bisexual",False,2022-06-29 13:32:12+00:00,@SourceDuMal: Well he's still the worst Chris. So.,,Twitter for Android
128,Earl Lauderback,"Atlanta, GA","Retired Educator, Husband, Father, & Grand Father. Believer & Promoter of Civil Rights for Diversity, Total Inclusion, Social INTEGRITY & A Better FUTURE.",False,2022-06-29 13:27:53+00:00,@YahooEnt: Whoopi Goldberg calls out Clarence Thomas on â€˜The Viewâ€™: 'You better hope they donâ€™t come for you next' https://t.co/BqDs553Yâ€¦,,Twitter for iPhone
129,runka,Poland,"I am not actually tired, but numb and heavy, and canâ€™t find the right words. All I can say is: Stay with me, donâ€™t leave me.
 ona/jej",False,2022-06-29 13:22:58+00:00,@YahooEnt: R. Kelly to be sentenced in sex-trafficking case: The Refresh https://t.co/7fR12YYSn6 https://t.co/3CpdnTRzpX,,Twitter Web App
130,Yahoo Entertainment,New York and LA,Be in the know and in the now with pop culture and celeb stories you can't live without.,True,2022-06-29 13:22:27+00:00,R. Kelly to be sentenced in sex-trafficking case: The Refresh https://t.co/7fR12YYSn6 https://t.co/3CpdnTRzpX,,SocialFlow
131,Yahoo Entertainment,New York and LA,Be in the know and in the now with pop culture and celeb stories you can't live without.,True,2022-06-29 13:18:52+00:00,Alexandria Ocasio-Cortez calls out Mark Meadows for seeking pardon: 'He knew he was breaking the law' https://t.co/ZbhuYazCK7 https://t.co/dffTp9w8JQ,,SocialFlow
132,Micheal Soriano,â¤ï¸ of ğŸ† Downtown LA,Welcome everybody to LA world ğŸŒ,False,2022-06-29 13:08:15+00:00,@YahooEnt: Winona Ryder says Michelle Pfeiffer gave her advice as she struggled with fame: 'I couldn't hear it' https://t.co/iPC50q2MYGâ€¦,,Twitter Web App
133,Yahoo Entertainment,New York and LA,Be in the know and in the now with pop culture and celeb stories you can't live without.,True,2022-06-29 13:08:01+00:00,Winona Ryder says Michelle Pfeiffer gave her advice as she struggled with fame: 'I couldn't hear it' https://t.co/iPC50q2MYG https://t.co/uYGugs6IoE,,SocialFlow
134,Not As Good As Octopussy,,No film is as good as Octopussy. Anyone who is nasty about Octopussy will be BLOCKTOPUSSIED.,False,2022-06-29 12:22:54+00:00,"@YahooEnt Great film, but let's face facts - it's no Octopussy.",,Twitter Web App
135,Micheal Soriano,â¤ï¸ of ğŸ† Downtown LA,Welcome everybody to LA world ğŸŒ,False,2022-06-29 12:17:09+00:00,@YahooEnt: Elvis Presley's daughter writes extremely emotional response to the release of the new 'Elvis' movie https://t.co/TgEFcPiKGtâ€¦,,Twitter Web App
136,Albert F. Warner,WORLDWIDE,VR STUDIO SUITE | PhD ğŸ‡ºğŸ‡¸ | DEVELOPMENT | WORLD SALES | #MovieSeason2022,False,2022-06-29 12:13:19+00:00,IN PRODUCTION | 'Barbie' (2023) | @wbpictures | $WBD | photo still provided @YahooEnt | #MovieSeason2023 https://t.co/XZElhmFIGn,['MovieSeason2023'],Twitter for Android
137,Yahoo Entertainment,New York and LA,Be in the know and in the now with pop culture and celeb stories you can't live without.,True,2022-06-29 12:11:20+00:00,Elvis Presley's daughter writes extremely emotional response to the release of the new 'Elvis' movie https://t.co/TgEFcPiKGt https://t.co/TQm7qfzCGE,,SocialFlow
138,April Ann Adventures,Roadtrip Roamin,"â€œLife is like a box of chocolates, you never know what youâ€™re gonna get.â€",False,2022-06-29 11:52:58+00:00,@YahooEnt Thank you for sharing this,,Twitter for iPad
139,April Ann Adventures,Roadtrip Roamin,"â€œLife is like a box of chocolates, you never know what youâ€™re gonna get.â€",False,2022-06-29 11:52:50+00:00,@YahooEnt: 'AGT' gives Willie Nelson protÃ©gÃ© a second chance after her 'life was flipped upside-down' https://t.co/nsqvUE5iQE https://t.â€¦,,Twitter for iPad
140,Yahoo Entertainment,New York and LA,Be in the know and in the now with pop culture and celeb stories you can't live without.,True,2022-06-29 11:48:41+00:00,"16 new music documentaries ready to rock your world, from Machine Gun Kelly to Lil Baby https://t.co/oXwaMx9BnY https://t.co/62yvTZT42P",,SocialFlow
141,Micheal Soriano,â¤ï¸ of ğŸ† Downtown LA,Welcome everybody to LA world ğŸŒ,False,2022-06-29 11:42:57+00:00,@YahooEnt: NBC to raise money for Ukraine with primetime special featuring Volodymyr Zelenskyy https://t.co/p4Art53ejz https://t.co/XmZpâ€¦,,Twitter Web App
142,Yahoo Entertainment,New York and LA,Be in the know and in the now with pop culture and celeb stories you can't live without.,True,2022-06-29 11:23:53+00:00,BTS's hiatus is nothing like One Direction's split - here's why https://t.co/VMKipdnFMk https://t.co/gamlJ4pFag,,SocialFlow
143,Miss V âœ¨,"East Coast, USA","East Coast Gal. Filipina. Kitchen witch. Science by day, writer by night. She/her",False,2022-06-29 11:09:04+00:00,@Nymphomachy: Bro you followed Dan Crenshaw and a bunch of alt-right goons on Twitter. https://t.co/xE9f8O9UnY,,Talon Android
144,Yahoo Entertainment,New York and LA,Be in the know and in the now with pop culture and celeb stories you can't live without.,True,2022-06-29 10:59:14+00:00,Joey King shares her and Steven Piet's hilarious engagement story https://t.co/j41zByw9WK https://t.co/MfDg01C2UW,,SocialFlow
145,Angie Lynch,"Liverpool, England",FamilyğŸ‘¨â€ğŸ‘©â€ğŸ‘§â€ğŸ‘¦ ScouserğŸ˜˜ LFC Season Ticket Holderâ™¥ï¸ YNWAğŸ’™ğŸ’›,False,2022-06-29 10:52:33+00:00,@YahooEnt: Travis Scott sued for inciting 'hazardous' crowd that led to injury at Rolling Loud 2019 https://t.co/L7iy2Y2dBL https://t.coâ€¦,,Twitter for iPhone
146,Yahoo Entertainment,New York and LA,Be in the know and in the now with pop culture and celeb stories you can't live without.,True,2022-06-29 10:38:42+00:00,Hugh Bonneville on future of â€˜Downton Abbeyâ€™: 'It might be the right time to stop' https://t.co/mZdBRNRbs9 https://t.co/0ZrWKNre5F,,SocialFlow
147,Claudia,"ZÃºrich, Suiza","PerÃº-Italia ğŸ‡µğŸ‡ªğŸ‡®ğŸ‡¹ MamÃ¡ de Ale, beatlemaniaca, aliancista, Ravenclaw, adicta al cafÃ©, periodista. #orgullofriki",False,2022-06-29 10:23:23+00:00,"@YahooEnt: Busy Philipps, 43, says she's never had Botox, fillers: 'People have actually accused me of work' https://t.co/OFKQD8rcUx httâ€¦",,Twitter for Android
148,Baz Luhrmann's Wonder Woman Umbrella,SPACE PLACE WHAT'S IN SPACE,"She/her. Nerd

Writer, sometimes tabletop game dev. 
MY WARFRAME IS STRONG",False,2022-06-29 10:18:46+00:00,@YahooEnt Try not being the worst Chris then,,Twitter for Android
149,Yahoo Entertainment,New York and LA,Be in the know and in the now with pop culture and celeb stories you can't live without.,True,2022-06-29 10:14:17+00:00,"A timeline of the Jeffrey Epstein, Ghislaine Maxwell scandal https://t.co/GO96UbfI1N https://t.co/8rzPBcKr8V",,SocialFlow
150,Irene DeStefano,"Iowa, USA",We were hanging on by white fingertips if we were even hanging on at all ~ ğŸ’—ğŸ’œğŸ’™,False,2022-06-29 10:07:04+00:00,@SourceDuMal: Well he's still the worst Chris. So.,,Twitter for Android
151,Yahoo Entertainment,New York and LA,Be in the know and in the now with pop culture and celeb stories you can't live without.,True,2022-06-29 09:50:09+00:00,Lauren Conrad reveals she had an ectopic pregnancy while addressing Roe v. Wade reversal https://t.co/sZW8H3Rfmj https://t.co/icSgTkyhGF,,SocialFlow
152,Yahoo Entertainment,New York and LA,Be in the know and in the now with pop culture and celeb stories you can't live without.,True,2022-06-29 09:28:58+00:00,Margot Robbieâ€™s viral â€˜Barbieâ€™ costumes are created by Oscar-winning â€˜Little Womenâ€™ costume designer https://t.co/Gwutrg1sxf https://t.co/5ICLyXXMJ7,,SocialFlow
153,Yahoo Entertainment,New York and LA,Be in the know and in the now with pop culture and celeb stories you can't live without.,True,2022-06-29 09:05:45+00:00,Alice Cooper signs with CAA for touring in North America https://t.co/RNMzzUTq5U https://t.co/yifECdLIEL,,SocialFlow
154,Kaul,,,False,2022-06-29 09:05:45+00:00,"@YahooEnt: Depeche Mode co-founder Andy Fletcher's death was caused by an 'aortic dissection,' band confirms https://t.co/TqGfoSsTPf httâ€¦",,Twitter for iPhone
155,Yahoo Entertainment,New York and LA,Be in the know and in the now with pop culture and celeb stories you can't live without.,True,2022-06-29 08:42:36+00:00,Sony dates â€˜Ghostbustersâ€™ sequel for 2023 https://t.co/eDB9QFsB09 https://t.co/ZhBXOAzA3g,,SocialFlow
156,Jack Alderton,"Edinburgh, Scotland","Writer, Social Justice Bard, Procrastinator. Looks like young Lennon, dresses like a 90s Punk, sounds like Wallace. Knows where his towel is. He/Him.",False,2022-06-29 08:40:08+00:00,@Nymphomachy: Bro you followed Dan Crenshaw and a bunch of alt-right goons on Twitter.,,Twitter for Android
157,Yahoo Entertainment,New York and LA,Be in the know and in the now with pop culture and celeb stories you can't live without.,True,2022-06-29 08:20:03+00:00,"Vince Neil documentary details drugs, death, debauchery and 'a lot of heart, soul and love' https://t.co/ynZa6KtRh1 https://t.co/EnVfLzBuxl",,SocialFlow
158,KAFFARAH,I LOVE CHOCLATE!!!!!,#KTBFFH,False,2022-06-29 08:19:59+00:00,@YahooEnt: Johnny Depp's rep denies report that actor is returning to Pirates franchise https://t.co/ClkyHj5jO8 https://t.co/ZGkgW0vhBG,,Twitter for iPhone
159,Yahoo Entertainment,New York and LA,Be in the know and in the now with pop culture and celeb stories you can't live without.,True,2022-06-29 07:55:20+00:00,Troian Bellisario on giving birth in a car: 'I was mentally on a different planet' https://t.co/q6oxRYsVlH https://t.co/T3aHOpmbDl,,SocialFlow
160,spencer,arcadia,â˜…,False,2022-06-29 07:49:54+00:00,@jarodzsz: the therapy sessions: https://t.co/ol2vxVxw4H,,Twitter for iPhone
161,ğŸ‡®ğŸ‡¶î¨€ğ…ğšğ¥ğœğ¨ğ§ ğ‡ğšğ¦ğšğğš,Iraq,"Official Account
The Only to Mr
The Falcon Hamada
Via Platform A Twitter
âœ‹ğŸ»â©ğŸ˜”ğŸš«+21",False,2022-06-29 07:34:16+00:00,@YahooEnt: Mandy Moore cancels remainder of 2022 tour dates amid pregnancy to focus on health and family https://t.co/ZCd3Uwr0Vu https:/â€¦,,Twitter for Android
162,Yahoo Entertainment,New York and LA,Be in the know and in the now with pop culture and celeb stories you can't live without.,True,2022-06-29 07:34:03+00:00,Mandy Moore cancels remainder of 2022 tour dates amid pregnancy to focus on health and family https://t.co/ZCd3Uwr0Vu https://t.co/RGd8XBP0OT,,SocialFlow
163,Luke Whitticase,"Birmingham, England",,False,2022-06-29 07:24:41+00:00,"@the_moviebob: I mean... this is a LITTLE whiny, but I'd have a *tiny* chip on my shoulder if EVERYONE had been taking bets on when I'dâ€¦",,Twitter for Android
164,Andrew Weiss,,,False,2022-06-29 07:22:04+00:00,"@the_moviebob: I mean... this is a LITTLE whiny, but I'd have a *tiny* chip on my shoulder if EVERYONE had been taking bets on when I'dâ€¦",,Twitter Web App
165,Yahoo Entertainment,New York and LA,Be in the know and in the now with pop culture and celeb stories you can't live without.,True,2022-06-29 07:13:19+00:00,Billie Eilish says she felt 'trapped' in her public persona and changed it to 'fâ€” with everyone' https://t.co/Ukkbmb0PTQ https://t.co/ylsXDWXVBW,,SocialFlow
166,LÃ¿ndsey Parker,"Through To Hollywood, Dawg","@YahooEnt music editor, @SiriusXMVolume host, @total80smusic, @axstv. Order #MissMercy book I cowrote, â€˜Permanent Damageâ€™: https://t.co/yjLWAswmrX",True,2022-06-29 07:04:51+00:00,@YahooEnt: 'AGT' gives Willie Nelson protÃ©gÃ© a second chance after her 'life was flipped upside-down' https://t.co/nsqvUE5iQE https://t.â€¦,,Echofon
167,Megatronus Rex,Prehistoric Earth,"Reject the Maximals, become a MARXimal! From the tempest fury, the spark ignites! He/him",False,2022-06-29 06:54:56+00:00,"@the_moviebob: I mean... this is a LITTLE whiny, but I'd have a *tiny* chip on my shoulder if EVERYONE had been taking bets on when I'dâ€¦",,Twitter Web App
168,Yahoo Entertainment,New York and LA,Be in the know and in the now with pop culture and celeb stories you can't live without.,True,2022-06-29 06:49:39+00:00,"Depeche Mode co-founder Andy Fletcher's death was caused by an 'aortic dissection,' band confirms https://t.co/TqGfoSsTPf https://t.co/gUIidb8jsU",,SocialFlow
169,Controversial Joe,"Rochester, NY","USMC (5811), USPS",False,2022-06-29 06:35:04+00:00,@YahooEnt And yet there are so many other ways to stop that from happening other than using abortion as birth control. And why does this not surprise me coming from her.,,Twitter for iPhone
170,Yahoo Entertainment,New York and LA,Be in the know and in the now with pop culture and celeb stories you can't live without.,True,2022-06-29 06:29:23+00:00,Jemele Hill opens up about getting an abortion at 26: 'I simply had no desire to give birth to a child' https://t.co/pJ1OBdqM1j https://t.co/jqE4mkrX6r,,SocialFlow
171,JulSo,,Aspiring Filmmaker & Writer and Aspiring Adult. Angry Ace. He/Him/His. AVFC. Video Reporter for @WEBylines. Profile pic by @camizl3r. Thoughts are my own.,False,2022-06-29 06:28:16+00:00,"@the_moviebob: I mean... this is a LITTLE whiny, but I'd have a *tiny* chip on my shoulder if EVERYONE had been taking bets on when I'dâ€¦",,Twitter Web App
172,Yahoo Entertainment,New York and LA,Be in the know and in the now with pop culture and celeb stories you can't live without.,True,2022-06-29 06:07:13+00:00,"Travis Barker hospitalized in Los Angeles, wife Kourtney Kardashian by his side: Report https://t.co/SR74p1cqPq https://t.co/jpHeQjmLvo",,SocialFlow
173,Kurt Mosiejczuk,"Rochester, NY","Longtime OpenBSD user, now developer. Sysadmin. he/him",False,2022-06-29 05:47:15+00:00,"@voretaq7: If you don't want to be called ""the worst Chris"" maybe don't actively work your ass off at being the worst Chris?

Like I getâ€¦",,Twitter Web App
174,niko655,"Bronx, NY",ğŸ„ğŸ¡ğŸ² |she/her| â™ï¸,False,2022-06-29 05:42:41+00:00,@RobbBeaux: Yâ€™all act like this man got shot by a rival gang ğŸ˜­ğŸ˜­ğŸ˜­ğŸ˜­,,Twitter for iPhone
175,Yahoo Entertainment,New York and LA,Be in the know and in the now with pop culture and celeb stories you can't live without.,True,2022-06-29 05:40:09+00:00,Charli D'Amelio is dating Travis Barker's son Landon Barker https://t.co/h10cznwYVR https://t.co/R75Wsggqap,,SocialFlow
176,MA_NYC,"New York, NY",â€œThe ideal subject of totalitarian rule.. the distinction between fact and fiction and the distinction between true and false no longer exist.â€ â€•Hannah Arendt,False,2022-06-29 05:28:07+00:00,@YahooEnt: Whoopi Goldberg calls out Clarence Thomas on â€˜The Viewâ€™: 'You better hope they donâ€™t come for you next' https://t.co/BqDs553Yâ€¦,,Twitter for iPad
177,Yahoo Entertainment,New York and LA,Be in the know and in the now with pop culture and celeb stories you can't live without.,True,2022-06-29 05:28:04+00:00,Bill Hader and Anna Kendrick have reportedly broken up https://t.co/w5w7RUyYbf https://t.co/u0sDHE9UDk,,SocialFlow
178,Yahoo Entertainment,New York and LA,Be in the know and in the now with pop culture and celeb stories you can't live without.,True,2022-06-29 05:05:54+00:00,"Nikita Dragun on her bipolar diagnosis, Pride and clapping back at critics: 'I've dealt with negative comments my entire life' https://t.co/tOsjBrO4jI https://t.co/WWSwfRDgH6",,SocialFlow
179,â˜•ï¸ERICA ğŸ³ï¸â€ğŸŒˆ,nunya business ,"pansexual. athiest, Autism warrior mom! pro wrestling fan! she/her  cashapp $reeceecup527",False,2022-06-29 04:49:43+00:00,"@YahooEnt: Lil Nas X details 'painful and strained' history with BET, says network asked if he worshiped satan https://t.co/hnpdhpUQQ9 hâ€¦",,Twitter for iPhone
180,Anonymous User,,"If you're here because I triggered you, I've already won. The far left and right are both insane and us normal folks are caught in between your insane tribalism",False,2022-06-29 04:46:02+00:00,"@YahooEnt Way to make this article unnecessarily ultra woke ğŸ™„

Sometimes its just cringe.",,Twitter for Android
181,Yahoo Entertainment,New York and LA,Be in the know and in the now with pop culture and celeb stories you can't live without.,True,2022-06-29 04:42:47+00:00,"Lil Nas X details 'painful and strained' history with BET, says network asked if he worshiped satan https://t.co/hnpdhpUQQ9 https://t.co/YTEiMeqBPQ",,SocialFlow
182,sean joshua belbis,,Life is Journey. We Must Return To Our Destination. Were We Came From.,False,2022-06-29 04:37:53+00:00,@YahooEnt: Halloween is coming early this year! Watch the first 'Hocus Pocus 2' trailer here https://t.co/7wqh16yzUm https://t.co/li5yrsâ€¦,,Twitter for iPhone
183,sean joshua belbis,,Life is Journey. We Must Return To Our Destination. Were We Came From.,False,2022-06-29 04:37:11+00:00,@YahooEnt: The long-awaited sequel to the 1993 box office disappointment-turned-annual tradition is here! Get a first look at the Hocusâ€¦,,Twitter for iPhone
184,â˜•ï¸ERICA ğŸ³ï¸â€ğŸŒˆ,nunya business ,"pansexual. athiest, Autism warrior mom! pro wrestling fan! she/her  cashapp $reeceecup527",False,2022-06-29 04:24:06+00:00,"@YahooEnt: Ariana DeBose, Troy Kotsur, Billie Eilish among 397 invited to join Oscars Academy https://t.co/bQ2IRg04ie https://t.co/nDatjâ€¦",,Twitter for iPhone
185,ğŸ‡®ğŸ‡¶î¨€ğ…ğšğ¥ğœğ¨ğ§ ğ‡ğšğ¦ğšğğš,Iraq,"Official Account
The Only to Mr
The Falcon Hamada
Via Platform A Twitter
âœ‹ğŸ»â©ğŸ˜”ğŸš«+21",False,2022-06-29 04:20:47+00:00,"@YahooEnt: Ariana DeBose, Troy Kotsur, Billie Eilish among 397 invited to join Oscars Academy https://t.co/bQ2IRg04ie https://t.co/nDatjâ€¦",,Twitter for Android
186,Yahoo Entertainment,New York and LA,Be in the know and in the now with pop culture and celeb stories you can't live without.,True,2022-06-29 04:19:30+00:00,"Ariana DeBose, Troy Kotsur, Billie Eilish among 397 invited to join Oscars Academy https://t.co/bQ2IRg04ie https://t.co/nDatjNqdNN",,SocialFlow
187,HRH Countess Stacie,North Carolina & SW5 London UK,"She/Her Devoted to UNC,Snow Patrol,Chelsea FC and Scandal. #Gladiator #resist #RangersFC #SussexSquad #BLM ğŸ‡¬ğŸ‡§ğŸ´ó §ó ¢ó ¥ó ®ó §ó ¿ğŸ´ó §ó ¢ó ³ó £ó ´ó ¿ğŸ´ó §ó ¢ó ·ó ¬ó ³ó ¿",False,2022-06-29 04:02:34+00:00,"@YahooEnt: Princess Diana â€˜Panoramaâ€™ interview: BBC apologizes, pays whistleblower Mark Killick â€˜significant sumâ€™ https://t.co/V5kDqaEJdâ€¦",,Twitter for Android
188,Yahoo Entertainment,New York and LA,Be in the know and in the now with pop culture and celeb stories you can't live without.,True,2022-06-29 03:59:04+00:00,"Princess Diana â€˜Panoramaâ€™ interview: BBC apologizes, pays whistleblower Mark Killick â€˜significant sumâ€™ https://t.co/V5kDqaEJde https://t.co/EpLNLxqYqk",,SocialFlow
189,Yahoo Entertainment,New York and LA,Be in the know and in the now with pop culture and celeb stories you can't live without.,True,2022-06-29 03:53:58+00:00,'AGT' gives Willie Nelson protÃ©gÃ© a second chance after her 'life was flipped upside-down' https://t.co/nsqvUE5iQE https://t.co/80ek3iiJLD,,SocialFlow
190,DeeLashay79,"Arizona, USA",Hi married here love my hubby and love my 4 kids and I love being a autism mom of my youngest son here for followers 30s and 50s,False,2022-06-29 03:40:34+00:00,"@YahooEnt: Busy Philipps, 43, says she's never had Botox, fillers: 'People have actually accused me of work' https://t.co/OFKQD8rcUx httâ€¦",,Twitter for Android
191,NITAYAfromBANGKOKğŸ‡¹ğŸ‡­,"Bangkok, Thailand","Degree : Bachelor of EducationğŸ“ 
Major : AgricultureğŸŒ°ğŸŒ±ğŸŒ³ğŸ„ğŸ–ğŸ“ 
Working : Kindergarten teacherğŸ‘©â€ğŸ« 
Home : Bangkok cityğŸ“ThailandğŸ‡¹ğŸ‡­",False,2022-06-29 03:39:12+00:00,@YahooEnt: The truth about Johnny Depp's rumored $300 million Pirates of the Caribbean return https://t.co/NPhOjcQCBZ https://t.co/XPLS9â€¦,,Twitter for iPhone
192,NITAYAfromBANGKOKğŸ‡¹ğŸ‡­,"Bangkok, Thailand","Degree : Bachelor of EducationğŸ“ 
Major : AgricultureğŸŒ°ğŸŒ±ğŸŒ³ğŸ„ğŸ–ğŸ“ 
Working : Kindergarten teacherğŸ‘©â€ğŸ« 
Home : Bangkok cityğŸ“ThailandğŸ‡¹ğŸ‡­",False,2022-06-29 03:39:01+00:00,@YahooEnt: Johnny Depp's rep denies report that actor is returning to Pirates franchise https://t.co/ClkyHj5jO8 https://t.co/ZGkgW0vhBG,,Twitter for iPhone
193,NITAYAfromBANGKOKğŸ‡¹ğŸ‡­,"Bangkok, Thailand","Degree : Bachelor of EducationğŸ“ 
Major : AgricultureğŸŒ°ğŸŒ±ğŸŒ³ğŸ„ğŸ–ğŸ“ 
Working : Kindergarten teacherğŸ‘©â€ğŸ« 
Home : Bangkok cityğŸ“ThailandğŸ‡¹ğŸ‡­",False,2022-06-29 03:38:13+00:00,@YahooEnt: Bruce Willis and his daughter Evelyn howl along with their dog in adorable video https://t.co/XmiB2SG6Pp https://t.co/vQhi8kVâ€¦,,Twitter for iPhone
194,Alexis Brown,"Eastman, GA",25 Year Old | Director/Screenwriter | Photographer,False,2022-06-29 03:37:07+00:00,@YahooEnt: â€˜True Detectiveâ€™ season 4 at HBO casts Kali Reis in lead role opposite Jodie Foster https://t.co/QRYsbcrxk4 https://t.co/KLRRâ€¦,,Twitter for iPhone
195,Yahoo Entertainment,New York and LA,Be in the know and in the now with pop culture and celeb stories you can't live without.,True,2022-06-29 03:36:07+00:00,"Busy Philipps, 43, says she's never had Botox, fillers: 'People have actually accused me of work' https://t.co/OFKQD8rcUx https://t.co/ZIZqqjcxc1",,SocialFlow
196,"cÎ±ÑlÎ± (BSc, MSc) ğŸ™ƒ",uÊop ÇpÄ±sdn ÇÉ¥Ê‡,3âƒ£7âƒ£ğŸ¤¦ğŸ» ğŸ‡µğŸ‡¦ she/her. the worst pisces you will ever meet. https://t.co/H5yTmHkDKA + https://t.co/d7EofmrIi2 & beta/proofreading @pikkoshouse,False,2022-06-29 03:33:29+00:00,"yeah, don't https://t.co/47W9ArUCVB",,TweetDeck
197,Yahoo Entertainment,New York and LA,Be in the know and in the now with pop culture and celeb stories you can't live without.,True,2022-06-29 03:30:58+00:00,Howard Stern V. Supreme Court: Radio jock says he might run for president following Roe overturn https://t.co/MMyUWGtDi0 https://t.co/k4vLbLgPN9,,SocialFlow
198,Asta Pasta ğŸ–¤ğŸ˜ˆ,"Georgia, USA",Jamaican Girl ğŸ‡¯ğŸ‡² // UWG â€˜22 ğŸºğŸ’™ // Snapchat ğŸ‘» @kcalistina // #BlackLivesMatter,False,2022-06-29 03:27:56+00:00,@californiabarby: Oh my god shut up about it already. It was one stupid poll against 3 really hot guys and the whining about it from himâ€¦,,Twitter for iPhone
199,Chaos Gremlin Duck,"Richfield, MN","Map follower, costumer, book lover, atheist, nerd, happy drunk, cat parent, co-creator @cozycorsetcuff, she/her, ace, BLM, ACAB

profile icon by @shelbobergen",False,2022-06-29 03:20:03+00:00,Maybe he shouldn't be the worst Chris then... Has he considered that? https://t.co/1Nz4peG4N1,,Twitter for Android
200,Pure LionHeart,Nova Scotia,"He/Him. I'm practically a medium for retweeted art, so fair warning.",False,2022-06-29 03:16:44+00:00,@Nymphomachy: Bro you followed Dan Crenshaw and a bunch of alt-right goons on Twitter.,,Twitter Web App
201,Brian Hadsell,Illinois,"Film / TV writer @TVOvermind, graduate student of sociology @IllinoisStateU & ardent cinephile. He / Him / His",False,2022-06-29 03:15:12+00:00,"@the_moviebob: I mean... this is a LITTLE whiny, but I'd have a *tiny* chip on my shoulder if EVERYONE had been taking bets on when I'dâ€¦",,Twitter for iPhone
202,ğ“†—Ráƒ¦meáƒ¦ğ“†—â¤ï¸â€ğŸ”¥,,when boredom strikes,False,2022-06-29 03:13:24+00:00,"@YahooEnt: Cardi B teases new song, â€˜Hot Shâ€“,â€™ dropping Friday https://t.co/68hCXw8hOm https://t.co/phPlhlyVOd",,Twitter for Android
203,ğŸ‡®ğŸ‡¶î¨€ğ…ğšğ¥ğœğ¨ğ§ ğ‡ğšğ¦ğšğğš,Iraq,"Official Account
The Only to Mr
The Falcon Hamada
Via Platform A Twitter
âœ‹ğŸ»â©ğŸ˜”ğŸš«+21",False,2022-06-29 03:08:49+00:00,@YahooEnt: â€˜True Detectiveâ€™ season 4 at HBO casts Kali Reis in lead role opposite Jodie Foster https://t.co/QRYsbcrxk4 https://t.co/KLRRâ€¦,,Twitter for Android
204,adi,"Austin, TX",#austin #music #kitties #sports #food #quesoff #lunchwithadi @guerillasuit @hotluckfest,False,2022-06-29 03:08:29+00:00,@YahooEnt: â€˜True Detectiveâ€™ season 4 at HBO casts Kali Reis in lead role opposite Jodie Foster https://t.co/QRYsbcrxk4 https://t.co/KLRRâ€¦,,Twitter for iPhone
205,Yahoo Entertainment,New York and LA,Be in the know and in the now with pop culture and celeb stories you can't live without.,True,2022-06-29 03:06:07+00:00,â€˜True Detectiveâ€™ season 4 at HBO casts Kali Reis in lead role opposite Jodie Foster https://t.co/QRYsbcrxk4 https://t.co/KLRR2PnsqJ,,SocialFlow
206,The Forklift,,"A young cishet moron who loves the present but is very nostalgic for the past. Aspiring voice actor, artist, lyricist, pianist, and TV show creator. (He/Him)",False,2022-06-29 02:54:54+00:00,"@the_moviebob: I mean... this is a LITTLE whiny, but I'd have a *tiny* chip on my shoulder if EVERYONE had been taking bets on when I'dâ€¦",,Twitter for iPhone
207,Tess,she/her,"Retweets about the porn industry, sex work, politics, and intersectional feminism. Personal tweets just about being sad and horny.",False,2022-06-29 02:46:16+00:00,@NMJMRedux: Has he tried not being the worst?,,Twitter for Android
208,Yahoo Entertainment,New York and LA,Be in the know and in the now with pop culture and celeb stories you can't live without.,True,2022-06-29 02:45:02+00:00,"Miranda Cosgrove on balancing adult â€˜iCarlyâ€™ reboot for old and new viewers, life as a child actor https://t.co/HomYO0nZX9 https://t.co/visnT5YdyK",,SocialFlow
209,catglare.png,NC / Balmung,"â™¿ï¸Queer horror writer pushing 40 and aspiring WiFi-enabled toaster (i.e. transhumanist). Has 2 cats, cerebral palsy, and their fursona is ALSO a cat!ğŸ”They/Them",False,2022-06-29 02:42:17+00:00,@Nymphomachy: Bro you followed Dan Crenshaw and a bunch of alt-right goons on Twitter.,,Twitter for iPhone
210,Yahoo Entertainment,New York and LA,Be in the know and in the now with pop culture and celeb stories you can't live without.,True,2022-06-29 02:39:03+00:00,NBC to raise money for Ukraine with primetime special featuring Volodymyr Zelenskyy https://t.co/p4Art53ejz https://t.co/XmZpDil19D,,SocialFlow
211,alice ğŸ´ğŸ³ï¸â€âš§ï¸,,just existing | she/her | non-binary girl | bisexual | priv: @aliceastral_ | pfp art by @mizuki_uny,False,2022-06-29 02:36:23+00:00,thog don't caare https://t.co/8FoZmMTUlp,,Twitter for iPhone
212,Avi the Tiger (ğŸ“Œ READ PINNED TWEET PLEASE),Tano's Paws ğŸ¥º,"He/Him; Cis; Gay/Aego; 20; West Indian; Digital Artist, Musician, Writer, and Game Dev; Self-diag ADHD; ğŸ‡¹ğŸ‡¹ ğŸ³ï¸â€ğŸŒˆ AD: @LycorisWolfDrgn ğŸ” Alt/ @VarunTheDragon",False,2022-06-29 02:35:57+00:00,@Writer_App: I donâ€™t understand why this is newsworthy. Pratt has the money and resources to shield himself from social media that a lotâ€¦,,Twitter for iPhone
213,Allie the She/Theysbianâš§ğŸ³ï¸â€ğŸŒˆ,,"Trash.  The absolute worst;  Trans-Femme, Demi-Masculine Enby; they/them, she/her",False,2022-06-29 02:34:39+00:00,@Nymphomachy: Bro you followed Dan Crenshaw and a bunch of alt-right goons on Twitter.,,Twitter Web App
214,Ace Holly j Blu,"England, United Kingdom",,False,2022-06-29 02:33:15+00:00,@YahooEnt: Bruce Willis and his daughter Evelyn howl along with their dog in adorable video https://t.co/XmiB2SG6Pp https://t.co/vQhi8kVâ€¦,,Twitter for iPhone
215,Yahoo Entertainment,New York and LA,Be in the know and in the now with pop culture and celeb stories you can't live without.,True,2022-06-29 02:29:07+00:00,Ricky Martin shares rare photo of teenage son Matteo https://t.co/pA8ankLxFz https://t.co/KazGp5FLIc,,SocialFlow
216,Yahoo Entertainment,New York and LA,Be in the know and in the now with pop culture and celeb stories you can't live without.,True,2022-06-29 02:27:06+00:00,Bruce Willis and his daughter Evelyn howl along with their dog in adorable video https://t.co/XmiB2SG6Pp https://t.co/vQhi8kVqHP,,SocialFlow
217,Yahoo Entertainment,New York and LA,Be in the know and in the now with pop culture and celeb stories you can't live without.,True,2022-06-29 02:24:06+00:00,Selena Gomez speaks out against Roe v. Wade reversal at â€˜Only Murders in the Buildingâ€™ premiere: â€˜Iâ€™m just not happyâ€™ https://t.co/7OHyLpUope https://t.co/WfiSj0f8HZ,,SocialFlow
218,Full Blown Rocket Raccoon Brainrot,blm,25 they/them/their // Veil Sixclaw apologist // Gender is Obsolete// https://t.co/5Qx6BqlPPK // Pro-Vermin// Oppress Gamers//twitch.tv/dumpyowlman,False,2022-06-29 02:23:29+00:00,@Nymphomachy: Bro you followed Dan Crenshaw and a bunch of alt-right goons on Twitter.,,Twitter Web App
219,Michael Graziano,"New York, NY","1-800-BlockTheBastards: Because I'm sick of you idiots.  Do not taunt Happy Fun @Voretaq7
(He/Him/His||They/Their)",False,2022-06-29 02:21:25+00:00,"If you don't want to be called ""the worst Chris"" maybe don't actively work your ass off at being the worst Chris?

Like I get it, pulling ahead of Pine or Hemsworth is going to be a struggle, but by just not actively trying to suck you can be a mid-range Chris, not the worst... https://t.co/ukJaUsFgoK",,Twitter Web App
220,Yahoo Entertainment,New York and LA,Be in the know and in the now with pop culture and celeb stories you can't live without.,True,2022-06-29 02:19:06+00:00,Jason Momoa's kids support him as he's named UNEP Advocate for Life Below Water: 'Papa loves you' https://t.co/IxRamzcJUP https://t.co/PkPUytfBVY,,SocialFlow
221,"Kara McNair. Thatâ€™s all, for the moment.","Vancouver, British Columbia","You are very small & slow & I am training my cats to eat you. (she/her) A ""devious and well meaning genius""; spice/sauce/salt-monster; 100% *pro-abortion*",False,2022-06-29 02:16:31+00:00,@Nymphomachy: Bro you followed Dan Crenshaw and a bunch of alt-right goons on Twitter.,,Twitter Web App
222,hoydenne,$AdrienneLeigh,"Cis-ish. She/her (or whatever tbh). Doc Destructo's flower.
Also at https://t.co/ys3CxnYend (Fediverse)",False,2022-06-29 02:16:06+00:00,@Nymphomachy: Bro you followed Dan Crenshaw and a bunch of alt-right goons on Twitter.,,Twitter Web App
223,Wedding gloves in space,,"32 year old old hag who enjoys video games, cartoons, movies, and books. Will block Nazis and other terrible people. Formaly know as Shutter_lense",False,2022-06-29 02:14:01+00:00,@Nymphomachy: Bro you followed Dan Crenshaw and a bunch of alt-right goons on Twitter.,,Twitter Web App
224,Cassa,,I am a human doing. Cis/Het-ish. He/Him preferred.,False,2022-06-29 02:12:57+00:00,@Nymphomachy: Bro you followed Dan Crenshaw and a bunch of alt-right goons on Twitter.,,Twitter Web App
225,gending machine ate my last quarter :(,http://avendar.net/,soft cat aesthetic / loves your cat(s) / MUD developer / inveterate villain-fucker / they/them / cat guy / never not horny on main / av by @foitong_cake,False,2022-06-29 02:12:24+00:00,@Nymphomachy: Bro you followed Dan Crenshaw and a bunch of alt-right goons on Twitter.,,Twitter Web App
226,Yahoo Entertainment,New York and LA,Be in the know and in the now with pop culture and celeb stories you can't live without.,True,2022-06-29 02:12:09+00:00,DeVon Franklin advises couples to 'resist the temptation to place blame' after divorce from Meagan Good https://t.co/pnyej8JNyo https://t.co/XqyOe7eFy6,,SocialFlow
227,Ana FoxğŸŒ»,,"Muffin's mom

Trans lesbian

#WarrenDem",False,2022-06-29 02:11:31+00:00,@YahooEnt Stop being a right wing chud then.,,Twitter Web App
228,ğŸªclay,"Dallas, TX",#shame,False,2022-06-29 02:09:20+00:00,@Nymphomachy: Bro you followed Dan Crenshaw and a bunch of alt-right goons on Twitter.,,Twitter for iPhone
229,Roz Under Pressure,"Rio de Janeiro, Brazil","â˜•ï¸She/Her/30SomeYearsOldTiredCisBiğŸ‡§ğŸ‡·â˜•ï¸
Bad At Reading Social Cues
TERFs Fuck Off and idiots DNI",False,2022-06-29 02:09:15+00:00,"""STOP CALLING MY AN ASSHOLE!"" Pleads man who refuses stop being an asshole... https://t.co/gDiqu6CQ0U",,Twitter Web App
230,President of Heterophobia,"he/him, ","#NSFW

-Bisexual
-Dumbass
-Irish",False,2022-06-29 02:07:40+00:00,@Nymphomachy: Bro you followed Dan Crenshaw and a bunch of alt-right goons on Twitter.,,Twitter Web App
231,Back in the CMDR's Chair,,-He/Him/they/them ğŸ³ï¸â€ğŸŒˆ NSFW -PSN/Xbox/Steam: AbstraitWolf -Stadia:AbstraitWolf#4560,False,2022-06-29 02:06:25+00:00,@Nymphomachy: Bro you followed Dan Crenshaw and a bunch of alt-right goons on Twitter.,,Twitter for iPhone
232,The Nerdskull,"Seattle, WA","Infamous Nerd Culture Opinion-Haver. Queer. Any pronouns. Video Games, Board Games, Anime, Novels. Lefty politics, anti-bullying, anti-harassment.",False,2022-06-29 02:05:58+00:00,@Nymphomachy: Bro you followed Dan Crenshaw and a bunch of alt-right goons on Twitter.,,Twitter for Android
233,luka Ã©toile (in her punk era),Canada,Luka | She/Her | sweet potato of @Luigipunkcore ğŸ’ | pfp by @TheMachoPie | https://t.co/xTtTeNVkU7,False,2022-06-29 02:04:00+00:00,This is some shit only the worst Chris would say. https://t.co/QHaXN1m2wZ,,Twitter for Android
234,Children love the Meat Tank,Caelid Wilds,"Chosen of Secrets, Sidereal she/her or they/them.Pan 'n' Polyam. Trans/enby? Discord Tag: Mao#7777 Talks video game ,history,(fat) furries and bedlam here",False,2022-06-29 02:00:28+00:00,@Nymphomachy: Bro you followed Dan Crenshaw and a bunch of alt-right goons on Twitter.,,Twitter Web App
235,Yahoo Entertainment,New York and LA,Be in the know and in the now with pop culture and celeb stories you can't live without.,True,2022-06-29 01:51:04+00:00,Kendall Jenner and Devin Booker were spotted looking all kinds of cozy post-breakup https://t.co/29MKtrmAXx https://t.co/cSOEwX1czZ,,SocialFlow
236,Yahoo Entertainment,New York and LA,Be in the know and in the now with pop culture and celeb stories you can't live without.,True,2022-06-29 01:40:06+00:00,Kris Jenner honors KhloÃ© Kardashian at her 38th birthday party: 'You are the queen of our family' https://t.co/DqhSGA4mwP https://t.co/6xXuMuI5MV,,SocialFlow
237,Stormborn ğŸ³ï¸â€ğŸŒˆğŸ‡©ğŸ‡´,"Midnight City, San Junipero","Call me Harlo. â€œI never look back, darling..it distracts from the now.â€ ğŸ³ï¸â€ğŸŒˆ",False,2022-06-29 01:31:55+00:00,"Nobody fucking cares, my guy. You shouldnâ€™t suck as a human being. https://t.co/MgKEfprNhQ",,Twitter for iPhone
238,ğ˜“ğ˜ªğ˜­ğ˜•ğ˜¢ğ˜´ğ˜Ÿ ğ˜‹ğ˜¢ğ˜ºâ˜€ï¸ â€œLate To Da Partyâ€ Out Now,Montero University,"The #1 most stable @LilNasX fan page. Official home of the Unofficial @LilNasX Research Bureau. Stats, trivia, news, humor. No relation to @LilNasX. He/him.",False,2022-06-29 01:27:51+00:00,@DarrenHayes talks with @YahooEnt about his new single â€œPoison Blood.â€ He describes @LilNasX as one of the â€œincredible pioneersâ€¦â€ https://t.co/5CI7EUcUsG,,Twitter for Mac
239,Samuel,,Doc,False,2022-06-29 01:14:05+00:00,"@YahooEnt Yeah Samuel Jackson is showing everyone heâ€™s a total racist.  Anytime you single out someone based on race and you say they are at fault for being different from you, well folks you are a racist.   Apparently you canâ€™t be free to choose with Snapping Samuel Jacksonâ€¦â€¦..",,Twitter for iPad
240,Yahoo Entertainment,New York and LA,Be in the know and in the now with pop culture and celeb stories you can't live without.,True,2022-06-29 01:14:04+00:00,Alabama teen thought she had more time before abortion ban took effect: 'I just started crying' https://t.co/KgjxavKILk https://t.co/jdGpBwxgd2,,SocialFlow
241,Glanderson Booper,Starship enterprise,8/16/14â¤ Virgo â™ September 8th artsy cosplayer,False,2022-06-29 01:07:56+00:00,@YahooEnt Finally a good article that isn't being fed to us by Steven Timmur and Lima Jevremovic,,Twitter Web App
242,Glanderson Booper,Starship enterprise,8/16/14â¤ Virgo â™ September 8th artsy cosplayer,False,2022-06-29 01:06:59+00:00,@YahooEnt: Nikki Boyd says husband Bam Margera left rehab to be a better dad before finding new clinic https://t.co/yswco92E3h https://tâ€¦,,Twitter Web App
243,guinevere ğŸ’Œ,Silver Millennium,"â€œWhen I choose to see the good side of things, Iâ€™m not being naive. It is strategic and necessary. Itâ€™s how Iâ€™ve learned to survive through everything.â€",False,2022-06-29 01:00:29+00:00,cry harder https://t.co/n3FzdIrFZD,,Twitter for iPhone
244,Yahoo Entertainment,New York and LA,Be in the know and in the now with pop culture and celeb stories you can't live without.,True,2022-06-29 00:56:37+00:00,Chelsea Handler slams GOP claims of being pro-life: â€˜Like calling O.J. Simpson pro-wifeâ€™ https://t.co/y9PwzQDkyr https://t.co/x1Rw7szEaa,,SocialFlow
245,Die WalkÃ¼reâœ¨,Oakland/Yokosuka/DC,Word? That's crazy.,False,2022-06-29 00:55:22+00:00,@californiabarby: Oh my god shut up about it already. It was one stupid poll against 3 really hot guys and the whining about it from himâ€¦,,Twitter for iPhone
246,Augostin Almazi ğŸ‡±ğŸ‡§,,"LebğŸ‡±ğŸ‡§â€¢USAğŸ‡ºğŸ‡¸
PVHS'18 ğŸ MSU'22 ğŸ¦…
Love World Politics ğŸ—º
  #NeverAgain ğŸ’™
Activist âœŠğŸ¼ 
Lebanese and Proud ğŸ‡±ğŸ‡§ğŸ’–",False,2022-06-29 00:54:41+00:00,@AGTVegasLive: See how @SofiaVergaraâ€™s Golden Buzzer @AGT act was inspired by @_nightbirde! #AGT #AGTauditions,"['AGT', 'AGTauditions']",Twitter for Android
247,kim â˜§,Arizona,art/world history teacher â€¢ rome enthusiast â€¢ amdg â€¢ interested in medieval femininity/saint veneration along the italian via francigena ğŸ”… she/her/lei,False,2022-06-29 00:52:08+00:00,@YahooEnt has he considered trying to not be the worst chris,,Twitter for iPhone
248,Barbara Smith,West Coast,"The gold standard of Black. 

Also an academic in the social sciences.",False,2022-06-29 00:44:13+00:00,Be a better Chris. https://t.co/AHoZS6Tldf,,Twitter for iPhone
249,LÃ¿ndsey Parker,"Through To Hollywood, Dawg","@YahooEnt music editor, @SiriusXMVolume host, @total80smusic, @axstv. Order #MissMercy book I cowrote, â€˜Permanent Damageâ€™: https://t.co/yjLWAswmrX",True,2022-06-29 00:40:17+00:00,"I know there are other things going on in the news cycle right now, but if you want to read a really powerful and  inspiring #PrideMonth interview, this  @yahooent conversation with @darrenhayes (ex-Savage Garden) is pretty great.

https://t.co/hKC1Xmg5Yg",,Twitter Web App
250,Auntie Climax ğŸ‡¦ğŸ‡¬,Germany,ğŸ‘‘ | therapist. trying hard to cultivate womanist grace. alphabet mafia. enby. ğŸ‡¦ğŸ‡¬. they/them.,False,2022-06-29 00:39:45+00:00,@whatsbrakebills: and I'm really fucking bothered that your church supports conversion therapy so I guess we're even??,,Twitter for iPhone
251,Ronald,,I won't follow you back.,False,2022-06-29 00:38:52+00:00,@YahooEnt The view is pure simpleton propaganda.,,Twitter Web App
252,Narmol,"Chicago, IL","they/them - A raging feminist, and proud of it.",False,2022-06-29 00:37:37+00:00,@SourceDuMal: Well he's still the worst Chris. So.,,Twitter for iPhone
253,Auntie Climax ğŸ‡¦ğŸ‡¬,Germany,ğŸ‘‘ | therapist. trying hard to cultivate womanist grace. alphabet mafia. enby. ğŸ‡¦ğŸ‡¬. they/them.,False,2022-06-29 00:37:13+00:00,@SourceDuMal: Well he's still the worst Chris. So.,,Twitter for iPhone
254,Gayming the System,Don't wanna be where I am...,"ğŸŒˆProud atheist gay dude. Pronouns: He/Him/They ğŸ³ï¸â€ğŸŒˆ
Twitch Twitter account: @the_gayming
Ko-fi: https://t.co/c7n2EwrCD6",False,2022-06-29 00:36:55+00:00,@Nymphomachy: Bro you followed Dan Crenshaw and a bunch of alt-right goons on Twitter.,,Twitter for Android
255,Nino Simoan,Skanktum Santorum akaSan Diego,"Young, gifted, and slaps.
 Salt, pepper, ketchup, and a half & half. Light ice.",False,2022-06-29 00:32:36+00:00,Has he tried not being the worst? https://t.co/TeRBCA1bZq,,Twitter for Android
256,BğŸ¦‹,Tongva Land/LA,ğŸ‡¨ğŸ‡ºğŸ‡¸ğŸ‡» Actor/Writer. TV lover. She/her. RIP CLIF ğŸ•Š,False,2022-06-29 00:30:57+00:00,Oh my god shut up about it already. It was one stupid poll against 3 really hot guys and the whining about it from him and his stupid rich friends only solidified how heâ€™s the woooorst. https://t.co/3O1loMUDJB,,Twitter for iPhone
257,yorick ğŸ’€,,"dark scribbles to symbolize despair, and nonsense about baseball. absolutely not a professional in any capacity. she/hers",False,2022-06-29 00:30:44+00:00,"Well Chris, you totally have the option of being a better fucking person if it bothers you that much. https://t.co/TrM1SAMLOi",,Twitter for iPhone
258,"hello, my name is",,I hate it here.,False,2022-06-29 00:29:25+00:00,He should try not being the worst then. https://t.co/Qy8ltm0vCi,,Twitter for iPhone
259,Hey Yo!,Glass City,"Just existing

PSN: RobTilInfinity
SW-1375-9375-9798
Xbox: RobSpiegel",False,2022-06-29 00:29:00+00:00,Lol y'all be killing this man ğŸ˜‚ https://t.co/l0iLRGI0Eu,,Fenix 2
260,Isaiah,"Columbus, OH",I will not be taking questions from whites at this time.  He/Him,False,2022-06-29 00:28:46+00:00,Chris Pine laughing right now. https://t.co/9xf4sMOU3y,,Twitter Web App
261,Muwanguzi Solomon ğŸ‡¸ğŸ‡ªğŸ‡ºğŸ‡¬,uganda east africa,Brand ambassador #fitleteathletica I luv basketball #Lakers fan and football #RedDevil die hard I luv my food sexy God luvz you and I care ğŸ’¯,False,2022-06-29 00:26:39+00:00,@YahooEnt: James Corden voices â€˜disgust and angerâ€™ at Supreme Court for overturning Roe v. Wade https://t.co/q9bbg2wkCo https://t.co/DLDâ€¦,,Twitter for Android
262,yams yams bigelow,"Chicago, IL","Classically beautiful since 1985 Creator of the term #dollarstorethor for Hawley #pose #claws #queensugar, #odat #htgawm, #theexpanse, #spartacus, she/her",False,2022-06-29 00:26:04+00:00,@SourceDuMal: Well he's still the worst Chris. So.,,Twitter for Android
263,Loy Terror of 2020,Upstate New York,"Comic book fan, enjoyer of wrestling, film buff, old-school pop culture fan. 2DS Friend Code is 0190-0347-6678.",False,2022-06-29 00:25:57+00:00,"@the_moviebob: I mean... this is a LITTLE whiny, but I'd have a *tiny* chip on my shoulder if EVERYONE had been taking bets on when I'dâ€¦",,Twitter for iPad
264,White Mage Workout Plan,Sourcedumal@gmail.com ,"Black. She/Her. Taker of Gym Selfies. Fat. Contributing to https://t.co/oAhtWO7DaP.
Proletariat Titty Whisperer. Nerd. Powerlifting Queen",False,2022-06-29 00:25:24+00:00,Well he's still the worst Chris. So. https://t.co/GTsJ2uXt0L,,Twitter for Android
265,Yahoo Entertainment,New York and LA,Be in the know and in the now with pop culture and celeb stories you can't live without.,True,2022-06-29 00:24:26+00:00,James Corden voices â€˜disgust and angerâ€™ at Supreme Court for overturning Roe v. Wade https://t.co/q9bbg2wkCo https://t.co/DLDg3LpDgr,,SocialFlow
266,Greg Howard Jr | Presenter (He/Him/His),"South Carolina, USA","ğŸ§ In Your Ears & On Your Screen ğŸ“±
| Your Life The Mixtape | Coastal Elites | It's Like This | Team Petty Headlines | Shawn Mendes Enthusiast",False,2022-06-29 00:23:47+00:00,Good https://t.co/3OJ2V30dZW,,Twitter for Android
267,Ivanka,"Melbourne, Australia","É›Õ¼ÊÖ…ÊÉ¨Õ¼É¢ ÊŸÉ¨Ê„É›, ÊŸÖ…Ê‹É› É¢Ö…Ö…É– ÊÖ…Ó„É›Ö† 
ğŸ˜·ğŸ°ğŸ«ğŸ¬ğŸ¦ğŸ¨ğŸ§",False,2022-06-29 00:15:12+00:00,@YahooEnt: WWE anchor Kayla Braxton reveals she was a 'product of rape' as she defends women's right to choose https://t.co/5adr443MU8 hâ€¦,,Twitter for Android
268,THEE SAP,Places ,Donâ€™t come for me unless I send for you.â€œhaha in the future we still blackâ€-@chadwickboseman muslima/she/her/hottie cashapp/venmo: $sabug95 #Purrr ğŸ‡¸ğŸ‡© ğŸ‡ºğŸ‡¸,False,2022-06-29 00:07:57+00:00,@semanitheharlot: Good. Fuck him,,Twitter for Android
269,Michael the Comic Nerd,,"Looking to build a better, kinder comic book community!   Patreon: https://t.co/atzjgoTWdK",False,2022-06-29 00:07:50+00:00,"@the_moviebob: I mean... this is a LITTLE whiny, but I'd have a *tiny* chip on my shoulder if EVERYONE had been taking bets on when I'dâ€¦",,Twitter Web App
270,R. A. Miller,he/him,"Professional Night Clerk. Novice Novelist.
#DCYOUUNSCRIPTED Top 3 Finalist. Creator of Arkham Escape
#taxelonmusk

roycemiller93@gmail.com",False,2022-06-29 00:01:33+00:00,@Nymphomachy: Bro you followed Dan Crenshaw and a bunch of alt-right goons on Twitter.,,Twitter for Android
271,someone set this thing to evil,Los Angeles,"He/Him. Host of @efvdpodcast and Some Jerk With A Camera. By arguing with my tweets, you hereby agree to my terms: convince me or I win. Good luck.",False,2022-06-28 23:53:25+00:00,"@the_moviebob: I mean... this is a LITTLE whiny, but I'd have a *tiny* chip on my shoulder if EVERYONE had been taking bets on when I'dâ€¦",,Twitter Web App
272,ADAM (Time Lord Soundwave)ğŸ‡¨ğŸ‡¦ğŸ‡ºğŸ‡¦,"St. John's, NL, Canada","Old enough to know better, too young to give a shit.

He/Him.

RTs don't equal endorsements.

Trumpbots will be blocked.

Vaccinate.

Support Ukraine ğŸ‡ºğŸ‡¦

#BLM",False,2022-06-28 23:52:58+00:00,"@the_moviebob: I mean... this is a LITTLE whiny, but I'd have a *tiny* chip on my shoulder if EVERYONE had been taking bets on when I'dâ€¦",,Twitter for Android
273,Otterfate,"Denver, CO","ğŸ”
Squeak! 
Otter, cis, he/him, 36, furry, Korean 
I like dudes ğŸ³ï¸â€ğŸŒˆ  Taken
FFXIV:  Otter Fate, Lamia
BLM, ACAB
Icon by @Pendogion  Banner by @AgiConPen",False,2022-06-28 23:52:21+00:00,@ReinH: maybe be a better Chris then idk,,Twitter Web App
274,Yahoo Entertainment,New York and LA,Be in the know and in the now with pop culture and celeb stories you can't live without.,True,2022-06-28 23:51:20+00:00,WWE anchor Kayla Braxton reveals she was a 'product of rape' as she defends women's right to choose https://t.co/5adr443MU8 https://t.co/jYJc9bbzFD,,SocialFlow
275,Summer Break Hoe.,In My Own World,"She/Her Black Lesbian Gamer, Horror Lover, TV Watcher, Reader, and Educator. ğŸ®PSN: MylkNHoney XBOX: MylkNHoney",False,2022-06-28 23:48:48+00:00,@semanitheharlot: Good. Fuck him,,Twitter for iPhone
276,Wasp Fan #1,Georgia (not the country),"Future exotics vet, current lesbian (she/they, cisgender) | ask me for cool animal facts |
Film Bro denialist",False,2022-06-28 23:47:33+00:00,"@YahooEnt No way there's a real guy out there named ""Chad Veach"" https://t.co/DIB3lk2qeO",,Twitter for Android
277,Wasp Fan #1,Georgia (not the country),"Future exotics vet, current lesbian (she/they, cisgender) | ask me for cool animal facts |
Film Bro denialist",False,2022-06-28 23:44:59+00:00,"@YahooEnt: Chris Pratt says social media criticism, including 'worst Chris' title, 'really f***ing bothered me' https://t.co/oFJDG7JnXkâ€¦",,Twitter for Android
278,Father Hoâ€™el,Sluttsville,Pan-Hoe. Lesbian Defender. For the people. Comrade. he/him,False,2022-06-28 23:36:50+00:00,Good. Fuck him https://t.co/4BloAg4gJq,,Twitter for iPhone
279,"Dijit ğŸ¦´ğŸ“ +MOW ğŸ’â–«ï¸AC, BSLV, DEFCON",Somewhere on the stack...,He/Him; Pan; Purple Wolf; #hacker; #malware dev; #infosec; #furry; fursuiter; @DCFurs staff; femboy; cute af; Engaged to @NightingaleFur ğŸ’â¤ï¸,False,2022-06-28 23:36:45+00:00,@ReinH: maybe be a better Chris then idk,,Twitter Web App
280,Samuel,"California, USA",Remember to be Kind to Each Other,False,2022-06-28 23:36:11+00:00,@YahooEnt: Samuel L. Jackson slams â€˜Uncle Clarenceâ€™ Thomas for hypocrisy on interracial marriage https://t.co/tbF9V3vjay https://t.co/PFâ€¦,,Twitter for iPhone
281,LA KnightğŸˆ(ğŸ§ğŸ³ï¸â€ğŸŒˆâ¤ğŸ’œğŸ’™ğŸ“šğŸ§šğŸ¼ğŸ¦‡ğŸ¤§ğŸ¥„ğŸ¦•),Arizona,SFF writer/reviewer; queer Black â™¿ LDS autistic spoonie. Facet-fractured OSDD. Polyam w/ Husbear & 2 life-partners. Cat mom. Poor af. Cassgenderfaewtf; she/they,False,2022-06-28 23:33:14+00:00,"@ingloriousgigi: Now, you might a tiny inkling how it feels to be LGBTQ+ in a country that does not give a fuck about you. Cry me a riveâ€¦",,Twitter Web App
282,"ğŸ Yours, Immortally 2022 ğŸ","Columbus, OH","Author of Yours, Immortally (9/9/2022) //29//cosplayer//witch//author//he/they// +18 plus NO MINORS PLS icon by @goryscribbles",False,2022-06-28 23:29:58+00:00,Cry about it you asshat https://t.co/ZYffDTizG6,,Twitter for iPhone
283,Crooked Delight ğŸ˜ˆğŸ‘¿ğŸ§ ğŸ«€ğŸ«ğŸ¦·ğŸ¦´ğŸ’¾,East Coast USA,"XBLive & PSO2 NGS Sh-1 Scylla 'A Devils Reject' 
I post screenshots, memes. 
Long time Troma Fan
Xbox Ambassador also.",False,2022-06-28 23:29:57+00:00,"@FrackoffF and @Yahoo @YahooNews @YahooEnt @JamesGunn @prattprattpratt 

Check your news accuracy Yahoo and others.

https://t.co/xCUBsGhyVz

Just a few words from GOTG director himself.

Can we put this to bed just because Thor 4 is coming?",,Twitter for Android
284,"ğŸ Yours, Immortally 2022 ğŸ","Columbus, OH","Author of Yours, Immortally (9/9/2022) //29//cosplayer//witch//author//he/they// +18 plus NO MINORS PLS icon by @goryscribbles",False,2022-06-28 23:29:50+00:00,"@YahooEnt Damn, I wanted him to cry about it.",,Twitter for iPhone
285,FÃ©lix Saparelli,"WhangÄrei, Aotearoa","Currently: slow sourdough, relentless rust, some sewing, thrifty 3D printing. Speaks: ğŸ‡³ğŸ‡¿ ğŸ‡«ğŸ‡· ğŸ¦€. Small at @LockedFelix. they/them, but see blog.",False,2022-06-28 23:29:35+00:00,@YahooEnt Bold move to have the worst James defend the worst Chris,,Twitter for Android
286,bad with names,,"30 | ADHD | he/they | Forgets to write. Loves the pastoral and the sylvan, without being weird about it yâ€™know. Pfp @mlyeko, header @ArtsyFoxo",False,2022-06-28 23:26:39+00:00,I donâ€™t understand why this is newsworthy. Pratt has the money and resources to shield himself from social media that a lot of people donâ€™t. https://t.co/gj2mKUhL5X,,Twitter for iPhone
287,bad with names,,"30 | ADHD | he/they | Forgets to write. Loves the pastoral and the sylvan, without being weird about it yâ€™know. Pfp @mlyeko, header @ArtsyFoxo",False,2022-06-28 23:24:52+00:00,"@YahooEnt Maybe he should work on that.
https://t.co/T9kPifuQo5",,Twitter for iPhone
288,Yahoo Entertainment,New York and LA,Be in the know and in the now with pop culture and celeb stories you can't live without.,True,2022-06-28 23:22:46+00:00,Samuel L. Jackson slams â€˜Uncle Clarenceâ€™ Thomas for hypocrisy on interracial marriage https://t.co/tbF9V3vjay https://t.co/PF8BOCqQUT,,SocialFlow
289,John M Bennett,"Prescott, AZ","If you're obviously intelligent and engaged in evil, let's go. If you're obviously limited, I'll strive to remain civil.

Still freaking DOJ is cool with coup",False,2022-06-28 23:21:56+00:00,"@YahooEnt Must be incredibly challenging to be Chris Pratt.

Like, as you walk through your mansion to the pool after spending an hour with your trainer in your gym, anticipating your chef prepared meal you're forced to read mean things on the internet that totally mess up your vibe.

ğŸ¤—ğŸ™„",,Twitter Web App
290,Rodney ğŸ’šğŸŒ¹â˜¯,,"insane(ly smart) 

This account is for entertainment purposes only.

https://t.co/bjOXEcs8KW
https://t.co/LI6Ka4MWO0",False,2022-06-28 23:16:22+00:00,@Nymphomachy: Bro you followed Dan Crenshaw and a bunch of alt-right goons on Twitter.,,Twitter for Android
291,Paragon_4376,Somewhere in the Orion Arm,I exist in a constant state of exhaustion and fear | She/Her | Trans Woman | 23 | #BlackLivesMatter,False,2022-06-28 23:11:34+00:00,@Nymphomachy: Bro you followed Dan Crenshaw and a bunch of alt-right goons on Twitter.,,Twitter for iPhone
292,wendolen,Western States Pact,"â˜‚ï¸â˜‚ï¸â˜‚ï¸ autistic, spoonie, Social Justice Druid. demigirl: she/her. ğŸ’–ğŸ’œğŸ’™",False,2022-06-28 23:10:28+00:00,@Nymphomachy: Bro you followed Dan Crenshaw and a bunch of alt-right goons on Twitter.,,Twitter Web App
293,Follow Back Pro-Big Light (FBPBL) ğŸ‡µğŸ‡¸,,A Left winger that reads the news.,False,2022-06-28 23:09:07+00:00,"Not bothered enough support LGBT+ rights though eh Chris?

(Pretty great that online criticism at least caused a bit of pain for the extremely rich man though). https://t.co/r7DQW75Oc0",,Twitter Web App
294,ğ—”ğ—«ğ—˜ğ—Ÿ ğ—Ÿğ—¬ğ—–ğ—”ğ—¡,"California, USA","Artist, Leftist, Botanist, Host of @barkingpoints, & Mercurial Burnout Furry.ã€he/him/theyã€‘ã€ğŸ¨: @AxelLycanArtã€‘ã€ æ—¥æœ¬èªã‚‚OKã€‘â™ï¸",False,2022-06-28 23:08:58+00:00,"Good. I hope he feels bad, in general. https://t.co/Uk7u96iZL3",,Twitter Web App
295,Majestic Gizmo,"Los Angeles, CA",I'm a Winona in a world full of Gwyneths.,False,2022-06-28 23:08:36+00:00,Lmfao THATS why https://t.co/LMzroMrJyZ https://t.co/P0vh20a9tR,,Twitter for Android
296,riverdaughter #ReclaimTheGenderQueerFlag ğŸ’œğŸ¤ğŸ’š,X-roads of white coded & angry,"Archaeo-ConservatorğŸºHot Queer MessğŸ³ï¸â€ğŸŒˆ survivorğŸ’ª brujağŸ”® powered by plantsğŸŒ±LatineğŸ‡²ğŸ‡½ ASD, ADHDğŸ§  Disabledâ™¿ï¸ #blacklivesmatterğŸ³ï¸â€âš§ï¸ non-binary they/elle",False,2022-06-28 23:06:56+00:00,@Nymphomachy: Bro you followed Dan Crenshaw and a bunch of alt-right goons on Twitter.,,Twitter for iPhone
297,Jamster Archeologist,,I just retweet stuff mostly about comics and cartoons every now and again. Probably the only dude on here who cares about Wildstorm Pronouns: He/Him. 23,False,2022-06-28 23:06:17+00:00,@Nymphomachy: Bro you followed Dan Crenshaw and a bunch of alt-right goons on Twitter.,,Twitter Web App
298,Relentlessly They ğŸ’›ğŸ¶ğŸ’œğŸ–¤,New York,"Sometimes ARTS, sometimes BARKS! I tweet space stuff too. âœ¡ï¸ ğŸ³ï¸â€ğŸŒˆ They/them. Fursuit built by me, pfp by @Starhound_.",False,2022-06-28 23:03:11+00:00,Itâ€™s not that itâ€™s out of reach either. It is possible to be a better Chris. https://t.co/jUV0NSDTJq,,Twitter for iPhone
299,MayorOfIacon,West London,INT(sometimes F)J/Enneagram Type 1/Hufflepuff/Horned Serpent/Neutral Good https://t.co/RZdUcUqScA,False,2022-06-28 23:02:21+00:00,"@the_moviebob: I mean... this is a LITTLE whiny, but I'd have a *tiny* chip on my shoulder if EVERYONE had been taking bets on when I'dâ€¦",,Twitter for iPhone
